-- phpMyAdmin SQL Dump
-- version 4.5.5.1
-- http://www.phpmyadmin.net
--
-- Host: 127.0.0.1
-- Generation Time: Apr 28, 2019 at 11:08 AM
-- Server version: 5.7.11
-- PHP Version: 5.6.19

SET SQL_MODE = "NO_AUTO_VALUE_ON_ZERO";
SET time_zone = "+00:00";


/*!40101 SET @OLD_CHARACTER_SET_CLIENT=@@CHARACTER_SET_CLIENT */;
/*!40101 SET @OLD_CHARACTER_SET_RESULTS=@@CHARACTER_SET_RESULTS */;
/*!40101 SET @OLD_COLLATION_CONNECTION=@@COLLATION_CONNECTION */;
/*!40101 SET NAMES utf8mb4 */;

--
-- Database: `railres`
--

-- --------------------------------------------------------

--
-- Table structure for table `booking`
--

CREATE TABLE `booking` (
  `uname` varchar(15) NOT NULL,
  `Tnumber` int(11) NOT NULL,
  `class` varchar(2) NOT NULL,
  `doj` date NOT NULL,
  `DOB` date NOT NULL,
  `fromstn` varchar(15) NOT NULL,
  `tostn` varchar(15) NOT NULL,
  `Name` varchar(15) NOT NULL,
  `Age` int(11) NOT NULL,
  `sex` varchar(10) NOT NULL,
  `Status` varchar(20) NOT NULL
) ENGINE=MyISAM DEFAULT CHARSET=latin1;

--
-- Dumping data for table `booking`
--

INSERT INTO `booking` (`uname`, `Tnumber`, `class`, `doj`, `DOB`, `fromstn`, `tostn`, `Name`, `Age`, `sex`, `Status`) VALUES
('rishabh', 12009, '2A', '2019-11-28', '2019-11-26', 'MLSWRM', 'YELAHANKA', 'rishabh', 20, 'male', 'Confirmed'),
('ayush', 19011, '1A', '2019-11-30', '2019-11-26', 'MAJESTIC', 'NELMANGALA', 'ayush', 21, 'male', 'Confirmed'),
('ayush', 12932, '1A', '2019-12-31', '2019-11-26', 'MAJESTIC', 'ANEKAL', 'alu', 45, 'male', 'Confirmed'),
('ayush', 12932, '1A', '2019-12-31', '2019-11-26', 'MAJESTIC', 'ANEKAL', 'kachalu', 55, 'male', 'Confirmed'),
('ayush', 12932, '1A', '2019-12-31', '2019-11-26', 'MAJESTIC', 'ANEKAL', 'nilu', 35, 'female', 'Confirmed'),
('ayush', 12932, '1A', '2019-12-31', '2019-11-26', 'MAJESTIC', 'ANEKAL', 'sheela', 48, 'female', 'Confirmed'),
('ayush', 12932, '1A', '2019-12-31', '2019-11-26', 'MAJESTIC', 'ANEKAL', 'pyari', 79, 'female', 'Confirmed'),
('rishabh', 12932, '1A', '2019-12-31', '2019-11-26', 'MAJESTIC', 'ANEKAL', 'hola', 25, 'male', 'Waiting'),
('rishabh', 12932, '1A', '2019-12-31', '2019-11-26', 'MAJESTIC', 'ANEKAL', 'bahr', 89, 'male', 'Waiting'),
('rishabh', 12932, '1A', '2019-12-31', '2019-11-26', 'MAJESTIC', 'ANEKAL', 'ebola', 45, 'male', 'Waiting'),
('ayush', 12009, '1A', '2019-11-26', '2019-11-26', 'MAJESTIC', 'DEVANAHALLI', 'ayush', 4, 'male', 'Confirmed'),
('Ankit', 12009, 'SL', '2019-11-27', '2019-11-27', 'MAJESTIC', 'MLSWRM', 'ayush', 15, 'male', 'Confirmed'),
('ayush', 12931, '3A', '2019-11-28', '2019-11-28', 'MAJESTIC', 'RAMANAGAR', 'akhil', 15, 'male', 'Confirmed'),
('ayush', 12932, '2A', '2019-12-31', '2019-11-28', 'MAJESTIC', 'ANEKAL', 'smatrt', 56, 'male', 'Confirmed'),
('ayush', 12932, '2A', '2019-12-31', '2019-11-28', 'MAJESTIC', 'ANEKAL', 'ahjs', 56, 'male', 'Confirmed');

-- --------------------------------------------------------

--
-- Table structure for table `interlist`
--

CREATE TABLE `interlist` (
  `Number` int(6) DEFAULT NULL,
  `st1` varchar(10) DEFAULT NULL,
  `st1arri` varchar(10) DEFAULT NULL,
  `st2` varchar(10) DEFAULT NULL,
  `st2arri` varchar(10) DEFAULT NULL,
  `st3` varchar(10) DEFAULT NULL,
  `st3arri` varchar(10) DEFAULT NULL,
  `st4` varchar(10) DEFAULT NULL,
  `st4arri` varchar(10) DEFAULT NULL,
  `st5` varchar(10) DEFAULT NULL,
  `st5arri` varchar(10) DEFAULT NULL,
  `Ori` varchar(20) NOT NULL,
  `Oriarri` varchar(10) NOT NULL,
  `Dest` varchar(20) NOT NULL,
  `Desarri` varchar(10) NOT NULL,
  `Name` varchar(20) NOT NULL,
  `Mon` varchar(2) NOT NULL,
  `Tue` varchar(2) NOT NULL,
  `Wed` varchar(2) NOT NULL,
  `Thu` varchar(2) NOT NULL,
  `Fri` varchar(2) NOT NULL,
  `Sat` varchar(2) NOT NULL,
  `Sun` varchar(2) NOT NULL
) ENGINE=InnoDB DEFAULT CHARSET=latin1;

--
-- Dumping data for table `interlist`
--

INSERT INTO `interlist` (`Number`, `st1`, `st1arri`, `st2`, `st2arri`, `st3`, `st3arri`, `st4`, `st4arri`, `st5`, `st5arri`, `Ori`, `Oriarri`, `Dest`, `Desarri`, `Name`, `Mon`, `Tue`, `Wed`, `Thu`, `Fri`, `Sat`, `Sun`) VALUES
(12009, 'MLSWRM', '00:15', 'YELAHANKA', '01:45', ' ', '02:30', ' ', '04:00', ' ', '05:05', 'MAJESTIC', '22:15', 'DEVANAHALLI', '06:25', 'DEVANAHALLI EXP', 'Y', 'Y', 'Y', 'Y', 'Y', 'Y', 'N'),
(22222, ' ', '07:15', ' ', '08:45', 'CHANDAPURA', '09:30', 'E CITY', '11:30', ' ', '12:45', 'ANEKAL', '06:00', 'MAJESTIC', '14:20', 'ANEKAL EXP', 'Y', 'Y', 'Y', 'Y', 'Y', 'Y', 'Y'),
(12932, ' ', '19:15', 'E CITY', '18:45', 'CHANDAPURA', '07:30', ' ', '15:30', ' ', '14:05', 'MAJESTIC', '13:00', 'ANEKAL', '22:10', 'ANEKAL EXP', 'Y', 'Y', 'Y', 'Y', 'Y', 'Y', 'Y'),
(19011, ' ', '06:26', 'NELMANGALA', '01:50', ' ', '23:45', ' ', '20:20', ' ', '18:10', 'MAJESTIC', '16:25', 'TUMKUR', '10:25', 'TUMKUR EXP', 'Y', 'Y', 'Y', 'Y', 'Y', 'Y', 'Y'),
(29333, ' ', '06:26', 'NELMANGALA', '01:50', ' ', '23:45', ' ', '20:20', ' ', '18:10', 'TUMKUR', '16:25', 'MAJESTIC', '10:25', 'TUMKUR EXP', 'Y', 'Y', 'Y', 'Y', 'Y', 'Y', 'Y'),
(22210, ' ', '00:10', ' ', '23:50', ' ', '22:25', 'YELAHANKA', '20:05', 'MLSWRM', '18:20', 'DEVANAHALLI', '16:15', 'MAJESTIC', '01:35', 'DEVANAHALLI EXP', 'N', 'N', 'Y', 'N', 'N', 'N', 'Y');

-- --------------------------------------------------------

--
-- Table structure for table `seats_availability`
--

CREATE TABLE `seats_availability` (
  `Train_No` int(11) NOT NULL,
  `Train_Name` varchar(20) NOT NULL,
  `doj` date NOT NULL,
  `1A` int(11) NOT NULL,
  `2A` int(11) NOT NULL,
  `3A` int(11) NOT NULL,
  `AC` int(11) NOT NULL,
  `CC` int(11) NOT NULL,
  `SL` int(11) NOT NULL
) ENGINE=MyISAM DEFAULT CHARSET=latin1;

--
-- Dumping data for table `seats_availability`
--

INSERT INTO `seats_availability` (`Train_No`, `Train_Name`, `doj`, `1A`, `2A`, `3A`, `AC`, `CC`, `SL`) VALUES
(12009, 'DEVANAHALLI EXP', '2019-11-10', 5, 5, 5, 5, 5, 5),
(12009, 'DEVANAHALLI EXP', '2019-11-11', 5, 5, 5, 5, 5, 5),
(12009, 'DEVANAHALLI EXP', '2019-11-12', 5, 5, 5, 5, 5, 5),
(12009, 'DEVANAHALLI EXP', '2019-11-13', 5, 5, 5, 5, 5, 5),
(12009, 'DEVANAHALLI EXP', '2019-11-14', 5, 5, 5, 5, 5, 5),
(12009, 'DEVANAHALLI EXP', '2019-11-15', 5, 5, 5, 5, 5, 5),
(12009, 'DEVANAHALLI EXP', '2019-11-16', 5, 5, 5, 5, 5, 5),
(12009, 'DEVANAHALLI EXP', '2019-11-17', 5, 5, 5, 5, 5, 5),
(12009, 'DEVANAHALLI EXP', '2019-11-18', 5, 5, 5, 5, 5, 5),
(12009, 'DEVANAHALLI EXP', '2019-11-19', 5, 5, 5, 5, 5, 5),
(12009, 'DEVANAHALLI EXP', '2019-11-20', 5, 5, 5, 5, 5, 5),
(12009, 'DEVANAHALLI EXP', '2019-11-21', 5, 5, 5, 5, 5, 5),
(12009, 'DEVANAHALLI EXP', '2019-11-22', 5, 5, 5, 5, 5, 5),
(12009, 'DEVANAHALLI EXP', '2019-11-23', 5, 5, 5, 5, 5, 5),
(12009, 'DEVANAHALLI EXP', '2019-11-24', 5, 5, 5, 5, 5, 5),
(12009, 'DEVANAHALLI EXP', '2019-11-25', 5, 5, 5, 5, 5, 5),
(12009, 'DEVANAHALLI EXP', '2019-11-26', 4, 5, 5, 5, 5, 5),
(12009, 'DEVANAHALLI EXP', '2019-11-27', 5, 5, 5, 5, 5, 4),
(12009, 'DEVANAHALLI EXP', '2019-11-28', 5, 4, 5, 5, 5, 5),
(12009, 'DEVANAHALLI EXP', '2019-11-29', 5, 5, 5, 5, 5, 5),
(12009, 'DEVANAHALLI EXP', '2019-11-30', 5, 5, 5, 5, 5, 5),
(12009, 'DEVANAHALLI EXP', '2019-12-01', 5, 5, 5, 5, 5, 5),
(12009, 'DEVANAHALLI EXP', '2019-12-02', 5, 5, 5, 5, 5, 5),
(12009, 'DEVANAHALLI EXP', '2019-12-03', 5, 5, 5, 5, 5, 5),
(12009, 'DEVANAHALLI EXP', '2019-12-04', 5, 5, 5, 5, 5, 5),
(12009, 'DEVANAHALLI EXP', '2019-12-05', 5, 5, 5, 5, 5, 5),
(12009, 'DEVANAHALLI EXP', '2019-12-06', 5, 5, 5, 5, 5, 5),
(12009, 'DEVANAHALLI EXP', '2019-12-07', 5, 5, 5, 5, 5, 5),
(12009, 'DEVANAHALLI EXP', '2019-12-08', 5, 5, 5, 5, 5, 5),
(12009, 'DEVANAHALLI EXP', '2019-12-09', 5, 5, 5, 5, 5, 5),
(12009, 'DEVANAHALLI EXP', '2019-12-10', 5, 5, 5, 5, 5, 5),
(12009, 'DEVANAHALLI EXP', '2019-12-11', 5, 5, 5, 5, 5, 5),
(12009, 'DEVANAHALLI EXP', '2019-12-12', 5, 5, 5, 5, 5, 5),
(12009, 'DEVANAHALLI EXP', '2019-12-13', 5, 5, 5, 5, 5, 5),
(12009, 'DEVANAHALLI EXP', '2019-12-14', 5, 5, 5, 5, 5, 5),
(12009, 'DEVANAHALLI EXP', '2019-12-15', 5, 5, 5, 5, 5, 5),
(12009, 'DEVANAHALLI EXP', '2019-12-16', 5, 5, 5, 5, 5, 5),
(12009, 'DEVANAHALLI EXP', '2019-12-17', 5, 5, 5, 5, 5, 5),
(12009, 'DEVANAHALLI EXP', '2019-12-18', 5, 5, 5, 5, 5, 5),
(12009, 'DEVANAHALLI EXP', '2019-12-19', 5, 5, 5, 5, 5, 5),
(12009, 'DEVANAHALLI EXP', '2019-12-20', 5, 5, 5, 5, 5, 5),
(12009, 'DEVANAHALLI EXP', '2019-12-21', 5, 5, 5, 5, 5, 5),
(12009, 'DEVANAHALLI EXP', '2019-12-22', 5, 5, 5, 5, 5, 5),
(12009, 'DEVANAHALLI EXP', '2019-12-23', 5, 5, 5, 5, 5, 5),
(12009, 'DEVANAHALLI EXP', '2019-12-24', 5, 5, 5, 5, 5, 5),
(12009, 'DEVANAHALLI EXP', '2019-12-25', 5, 5, 5, 5, 5, 5),
(12009, 'DEVANAHALLI EXP', '2019-12-26', 5, 5, 5, 5, 5, 5),
(12009, 'DEVANAHALLI EXP', '2019-12-27', 5, 5, 5, 5, 5, 5),
(12009, 'DEVANAHALLI EXP', '2019-12-28', 5, 5, 5, 5, 5, 5),
(12009, 'DEVANAHALLI EXP', '2019-12-29', 5, 5, 5, 5, 5, 5),
(12009, 'DEVANAHALLI EXP', '2019-12-30', 5, 5, 5, 5, 5, 5),
(12009, 'DEVANAHALLI EXP', '2019-12-31', 5, 5, 5, 5, 5, 5),
(12009, 'DEVANAHALLI EXP', '2020-01-01', 5, 5, 5, 5, 5, 5),
(12009, 'DEVANAHALLI EXP', '2020-01-02', 5, 5, 5, 5, 5, 5),
(12009, 'DEVANAHALLI EXP', '2020-01-03', 5, 5, 5, 5, 5, 5),
(12009, 'DEVANAHALLI EXP', '2020-01-04', 5, 5, 5, 5, 5, 5),
(12009, 'DEVANAHALLI EXP', '2020-01-05', 5, 5, 5, 5, 5, 5),
(12009, 'DEVANAHALLI EXP', '2020-01-06', 5, 5, 5, 5, 5, 5),
(12009, 'DEVANAHALLI EXP', '2020-01-07', 5, 5, 5, 5, 5, 5),
(12009, 'DEVANAHALLI EXP', '2020-01-08', 5, 5, 5, 5, 5, 5),
(12009, 'DEVANAHALLI EXP', '2020-01-09', 5, 5, 5, 5, 5, 5),
(12009, 'DEVANAHALLI EXP', '2020-01-10', 5, 5, 5, 5, 5, 5),
(12009, 'DEVANAHALLI EXP', '2020-01-11', 5, 5, 5, 5, 5, 5),
(12009, 'DEVANAHALLI EXP', '2020-01-12', 5, 5, 5, 5, 5, 5),
(12009, 'DEVANAHALLI EXP', '2020-01-13', 5, 5, 5, 5, 5, 5),
(12009, 'DEVANAHALLI EXP', '2020-01-14', 5, 5, 5, 5, 5, 5),
(12009, 'DEVANAHALLI EXP', '2020-01-15', 5, 5, 5, 5, 5, 5),
(12009, 'DEVANAHALLI EXP', '2020-01-16', 5, 5, 5, 5, 5, 5),
(12009, 'DEVANAHALLI EXP', '2020-01-17', 5, 5, 5, 5, 5, 5),
(12009, 'DEVANAHALLI EXP', '2020-01-18', 5, 5, 5, 5, 5, 5),
(12009, 'DEVANAHALLI EXP', '2020-01-19', 5, 5, 5, 5, 5, 5),
(12009, 'DEVANAHALLI EXP', '2020-01-20', 5, 5, 5, 5, 5, 5),
(12009, 'DEVANAHALLI EXP', '2020-01-21', 5, 5, 5, 5, 5, 5),
(12009, 'DEVANAHALLI EXP', '2020-01-22', 5, 5, 5, 5, 5, 5),
(12009, 'DEVANAHALLI EXP', '2020-01-23', 5, 5, 5, 5, 5, 5),
(12009, 'DEVANAHALLI EXP', '2020-01-24', 5, 5, 5, 5, 5, 5),
(12009, 'DEVANAHALLI EXP', '2020-01-25', 5, 5, 5, 5, 5, 5),
(12009, 'DEVANAHALLI EXP', '2020-01-26', 5, 5, 5, 5, 5, 5),
(12009, 'DEVANAHALLI EXP', '2020-01-27', 5, 5, 5, 5, 5, 5),
(12009, 'DEVANAHALLI EXP', '2020-01-28', 5, 5, 5, 5, 5, 5),
(12009, 'DEVANAHALLI EXP', '2020-01-29', 5, 5, 5, 5, 5, 5),
(12009, 'DEVANAHALLI EXP', '2020-01-30', 5, 5, 5, 5, 5, 5),
(12009, 'DEVANAHALLI EXP', '2020-02-01', 5, 5, 5, 5, 5, 5),
(12009, 'DEVANAHALLI EXP', '2020-02-02', 5, 5, 5, 5, 5, 5),
(12009, 'DEVANAHALLI EXP', '2020-02-03', 5, 5, 5, 5, 5, 5),
(12009, 'DEVANAHALLI EXP', '2020-02-04', 5, 5, 5, 5, 5, 5),
(12009, 'DEVANAHALLI EXP', '2020-02-05', 5, 5, 5, 5, 5, 5),
(12009, 'DEVANAHALLI EXP', '2020-02-06', 5, 5, 5, 5, 5, 5),
(12009, 'DEVANAHALLI EXP', '2020-02-07', 5, 5, 5, 5, 5, 5),
(12009, 'DEVANAHALLI EXP', '2020-02-08', 5, 5, 5, 5, 5, 5),
(12931, 'RAMANAGAR EXP', '2019-11-10', 5, 5, 5, 5, 5, 5),
(12931, 'RAMANAGAR EXP', '2019-11-11', 5, 5, 5, 5, 5, 5),
(12931, 'RAMANAGAR EXP', '2019-11-12', 5, 5, 5, 5, 5, 5),
(12931, 'RAMANAGAR EXP', '2019-11-13', 5, 5, 5, 5, 5, 5),
(12931, 'RAMANAGAR EXP', '2019-11-14', 5, 5, 5, 5, 5, 5),
(12931, 'RAMANAGAR EXP', '2019-11-15', 5, 5, 5, 5, 5, 5),
(12931, 'RAMANAGAR EXP', '2019-11-16', 5, 5, 5, 5, 5, 5),
(12931, 'RAMANAGAR EXP', '2019-11-17', 5, 5, 5, 5, 5, 5),
(12931, 'RAMANAGAR EXP', '2019-11-18', 5, 5, 5, 5, 5, 5),
(12931, 'RAMANAGAR EXP', '2019-11-19', 5, 5, 5, 5, 5, 5),
(12931, 'RAMANAGAR EXP', '2019-11-20', 5, 5, 5, 5, 5, 5),
(12931, 'RAMANAGAR EXP', '2019-11-21', 5, 5, 5, 5, 5, 5),
(12931, 'RAMANAGAR EXP', '2019-11-22', 5, 5, 5, 5, 5, 5),
(12931, 'RAMANAGAR EXP', '2019-11-23', 5, 5, 5, 5, 5, 5),
(12931, 'RAMANAGAR EXP', '2019-11-24', 5, 5, 5, 5, 5, 5),
(12931, 'RAMANAGAR EXP', '2019-11-25', 5, 5, 5, 5, 5, 5),
(12931, 'RAMANAGAR EXP', '2019-11-26', 5, 5, 5, 5, 5, 5),
(12931, 'RAMANAGAR EXP', '2019-11-27', 5, 5, 5, 5, 5, 5),
(12931, 'RAMANAGAR EXP', '2019-11-28', 5, 5, 4, 5, 5, 5),
(12931, 'RAMANAGAR EXP', '2019-11-29', 5, 5, 5, 5, 5, 5),
(12931, 'RAMANAGAR EXP', '2019-11-30', 5, 5, 5, 5, 5, 5),
(12931, 'RAMANAGAR EXP', '2019-12-01', 5, 5, 5, 5, 5, 5),
(12931, 'RAMANAGAR EXP', '2019-12-02', 5, 5, 5, 5, 5, 5),
(12931, 'RAMANAGAR EXP', '2019-12-03', 5, 5, 5, 5, 5, 5),
(12931, 'RAMANAGAR EXP', '2019-12-04', 5, 5, 5, 5, 5, 5),
(12931, 'RAMANAGAR EXP', '2019-12-05', 5, 5, 5, 5, 5, 5),
(12931, 'RAMANAGAR EXP', '2019-12-06', 5, 5, 5, 5, 5, 5),
(12931, 'RAMANAGAR EXP', '2019-12-07', 5, 5, 5, 5, 5, 5),
(12931, 'RAMANAGAR EXP', '2019-12-08', 5, 5, 5, 5, 5, 5),
(12931, 'RAMANAGAR EXP', '2019-12-09', 5, 5, 5, 5, 5, 5),
(12931, 'RAMANAGAR EXP', '2019-12-10', 5, 5, 5, 5, 5, 5),
(12931, 'RAMANAGAR EXP', '2019-12-11', 5, 5, 5, 5, 5, 5),
(12931, 'RAMANAGAR EXP', '2019-12-12', 5, 5, 5, 5, 5, 5),
(12931, 'RAMANAGAR EXP', '2019-12-13', 5, 5, 5, 5, 5, 5),
(12931, 'RAMANAGAR EXP', '2019-12-14', 5, 5, 5, 5, 5, 5),
(12931, 'RAMANAGAR EXP', '2019-12-15', 5, 5, 5, 5, 5, 5),
(12931, 'RAMANAGAR EXP', '2019-12-16', 5, 5, 5, 5, 5, 5),
(12931, 'RAMANAGAR EXP', '2019-12-17', 5, 5, 5, 5, 5, 5),
(12931, 'RAMANAGAR EXP', '2019-12-18', 5, 5, 5, 5, 5, 5),
(12931, 'RAMANAGAR EXP', '2019-12-19', 5, 5, 5, 5, 5, 5),
(12931, 'RAMANAGAR EXP', '2019-12-20', 5, 5, 5, 5, 5, 5),
(12931, 'RAMANAGAR EXP', '2019-12-21', 5, 5, 5, 5, 5, 5),
(12931, 'RAMANAGAR EXP', '2019-12-22', 5, 5, 5, 5, 5, 5),
(12931, 'RAMANAGAR EXP', '2019-12-23', 5, 5, 5, 5, 5, 5),
(12931, 'RAMANAGAR EXP', '2019-12-24', 5, 5, 5, 5, 5, 5),
(12931, 'RAMANAGAR EXP', '2019-12-25', 5, 5, 5, 5, 5, 5),
(12931, 'RAMANAGAR EXP', '2019-12-26', 5, 5, 5, 5, 5, 5),
(12931, 'RAMANAGAR EXP', '2019-12-27', 5, 5, 5, 5, 5, 5),
(12931, 'RAMANAGAR EXP', '2019-12-28', 5, 5, 5, 5, 5, 5),
(12931, 'RAMANAGAR EXP', '2019-12-29', 5, 5, 5, 5, 5, 5),
(12931, 'RAMANAGAR EXP', '2019-12-30', 5, 5, 5, 5, 5, 5),
(12931, 'RAMANAGAR EXP', '2019-12-31', 5, 5, 5, 5, 5, 5),
(12931, 'RAMANAGAR EXP', '2020-01-01', 5, 5, 5, 5, 5, 5),
(12931, 'RAMANAGAR EXP', '2020-01-02', 5, 5, 5, 5, 5, 5),
(12931, 'RAMANAGAR EXP', '2020-01-03', 5, 5, 5, 5, 5, 5),
(12931, 'RAMANAGAR EXP', '2020-01-04', 5, 5, 5, 5, 5, 5),
(12931, 'RAMANAGAR EXP', '2020-01-05', 5, 5, 5, 5, 5, 5),
(12931, 'RAMANAGAR EXP', '2020-01-06', 5, 5, 5, 5, 5, 5),
(12931, 'RAMANAGAR EXP', '2020-01-07', 5, 5, 5, 5, 5, 5),
(12931, 'RAMANAGAR EXP', '2020-01-08', 5, 5, 5, 5, 5, 5),
(12931, 'RAMANAGAR EXP', '2020-01-09', 5, 5, 5, 5, 5, 5),
(12931, 'RAMANAGAR EXP', '2020-01-10', 5, 5, 5, 5, 5, 5),
(12931, 'RAMANAGAR EXP', '2020-01-11', 5, 5, 5, 5, 5, 5),
(12931, 'RAMANAGAR EXP', '2020-01-12', 5, 5, 5, 5, 5, 5),
(12931, 'RAMANAGAR EXP', '2020-01-13', 5, 5, 5, 5, 5, 5),
(12931, 'RAMANAGAR EXP', '2020-01-14', 5, 5, 5, 5, 5, 5),
(12931, 'RAMANAGAR EXP', '2020-01-15', 5, 5, 5, 5, 5, 5),
(12931, 'RAMANAGAR EXP', '2020-01-16', 5, 5, 5, 5, 5, 5),
(12931, 'RAMANAGAR EXP', '2020-01-17', 5, 5, 5, 5, 5, 5),
(12931, 'RAMANAGAR EXP', '2020-01-18', 5, 5, 5, 5, 5, 5),
(12931, 'RAMANAGAR EXP', '2020-01-19', 5, 5, 5, 5, 5, 5),
(12931, 'RAMANAGAR EXP', '2020-01-20', 5, 5, 5, 5, 5, 5),
(12931, 'RAMANAGAR EXP', '2020-01-21', 5, 5, 5, 5, 5, 5),
(12931, 'RAMANAGAR EXP', '2020-01-22', 5, 5, 5, 5, 5, 5),
(12931, 'RAMANAGAR EXP', '2020-01-23', 5, 5, 5, 5, 5, 5),
(12931, 'RAMANAGAR EXP', '2020-01-24', 5, 5, 5, 5, 5, 5),
(12931, 'RAMANAGAR EXP', '2020-01-25', 5, 5, 5, 5, 5, 5),
(12931, 'RAMANAGAR EXP', '2020-01-26', 5, 5, 5, 5, 5, 5),
(12931, 'RAMANAGAR EXP', '2020-01-27', 5, 5, 5, 5, 5, 5),
(12931, 'RAMANAGAR EXP', '2020-01-28', 5, 5, 5, 5, 5, 5),
(12931, 'RAMANAGAR EXP', '2020-01-29', 5, 5, 5, 5, 5, 5),
(12931, 'RAMANAGAR EXP', '2020-01-30', 5, 5, 5, 5, 5, 5),
(12931, 'RAMANAGAR EXP', '2020-02-01', 5, 5, 5, 5, 5, 5),
(12931, 'RAMANAGAR EXP', '2020-02-02', 5, 5, 5, 5, 5, 5),
(12931, 'RAMANAGAR EXP', '2020-02-03', 5, 5, 5, 5, 5, 5),
(12931, 'RAMANAGAR EXP', '2020-02-04', 5, 5, 5, 5, 5, 5),
(12931, 'RAMANAGAR EXP', '2020-02-05', 5, 5, 5, 5, 5, 5),
(12931, 'RAMANAGAR EXP', '2020-02-06', 5, 5, 5, 5, 5, 5),
(12931, 'RAMANAGAR EXP', '2020-02-07', 5, 5, 5, 5, 5, 5),
(12931, 'RAMANAGAR EXP', '2020-02-08', 5, 5, 5, 5, 5, 5),
(12932, 'ANEKAL EXP', '2019-11-10', 5, 5, 5, 5, 5, 5),
(12932, 'ANEKAL EXP', '2019-11-11', 5, 5, 5, 5, 5, 5),
(12932, 'ANEKAL EXP', '2019-11-12', 5, 5, 5, 5, 5, 5),
(12932, 'ANEKAL EXP', '2019-11-13', 5, 5, 5, 5, 5, 5),
(12932, 'ANEKAL EXP', '2019-11-14', 5, 5, 5, 5, 5, 5),
(12932, 'ANEKAL EXP', '2019-11-15', 5, 5, 5, 5, 5, 5),
(12932, 'ANEKAL EXP', '2019-11-16', 5, 5, 5, 5, 5, 5),
(12932, 'ANEKAL EXP', '2019-11-17', 5, 5, 5, 5, 5, 5),
(12932, 'ANEKAL EXP', '2019-11-18', 5, 5, 5, 5, 5, 5),
(12932, 'ANEKAL EXP', '2019-11-19', 5, 5, 5, 5, 5, 5),
(12932, 'ANEKAL EXP', '2019-11-20', 5, 5, 5, 5, 5, 5),
(12932, 'ANEKAL EXP', '2019-11-21', 5, 5, 5, 5, 5, 5),
(12932, 'ANEKAL EXP', '2019-11-22', 5, 5, 5, 5, 5, 5),
(12932, 'ANEKAL EXP', '2019-11-23', 5, 5, 5, 5, 5, 5),
(12932, 'ANEKAL EXP', '2019-11-24', 5, 5, 5, 5, 5, 5),
(12932, 'ANEKAL EXP', '2019-11-25', 5, 5, 5, 5, 5, 5),
(12932, 'ANEKAL EXP', '2019-11-26', 5, 5, 5, 5, 5, 5),
(12932, 'ANEKAL EXP', '2019-11-27', 5, 5, 5, 5, 5, 5),
(12932, 'ANEKAL EXP', '2019-11-28', 5, 5, 5, 5, 5, 5),
(12932, 'ANEKAL EXP', '2019-11-29', 5, 5, 5, 5, 5, 5),
(12932, 'ANEKAL EXP', '2019-11-30', 5, 5, 5, 5, 5, 5),
(12932, 'ANEKAL EXP', '2019-12-01', 5, 5, 5, 5, 5, 5),
(12932, 'ANEKAL EXP', '2019-12-02', 5, 5, 5, 5, 5, 5),
(12932, 'ANEKAL EXP', '2019-12-03', 5, 5, 5, 5, 5, 5),
(12932, 'ANEKAL EXP', '2019-12-04', 5, 5, 5, 5, 5, 5),
(12932, 'ANEKAL EXP', '2019-12-05', 5, 5, 5, 5, 5, 5),
(12932, 'ANEKAL EXP', '2019-12-06', 5, 5, 5, 5, 5, 5),
(12932, 'ANEKAL EXP', '2019-12-07', 5, 5, 5, 5, 5, 5),
(12932, 'ANEKAL EXP', '2019-12-08', 5, 5, 5, 5, 5, 5),
(12932, 'ANEKAL EXP', '2019-12-09', 5, 5, 5, 5, 5, 5),
(12932, 'ANEKAL EXP', '2019-12-10', 5, 5, 5, 5, 5, 5),
(12932, 'ANEKAL EXP', '2019-12-11', 5, 5, 5, 5, 5, 5),
(12932, 'ANEKAL EXP', '2019-12-12', 5, 5, 5, 5, 5, 5),
(12932, 'ANEKAL EXP', '2019-12-13', 5, 5, 5, 5, 5, 5),
(12932, 'ANEKAL EXP', '2019-12-14', 5, 5, 5, 5, 5, 5),
(12932, 'ANEKAL EXP', '2019-12-15', 5, 5, 5, 5, 5, 5),
(12932, 'ANEKAL EXP', '2019-12-16', 5, 5, 5, 5, 5, 5),
(12932, 'ANEKAL EXP', '2019-12-17', 5, 5, 5, 5, 5, 5),
(12932, 'ANEKAL EXP', '2019-12-18', 5, 5, 5, 5, 5, 5),
(12932, 'ANEKAL EXP', '2019-12-19', 5, 5, 5, 5, 5, 5),
(12932, 'ANEKAL EXP', '2019-12-20', 5, 5, 5, 5, 5, 5),
(12932, 'ANEKAL EXP', '2019-12-21', 5, 5, 5, 5, 5, 5),
(12932, 'ANEKAL EXP', '2019-12-22', 5, 5, 5, 5, 5, 5),
(12932, 'ANEKAL EXP', '2019-12-23', 5, 5, 5, 5, 5, 5),
(12932, 'ANEKAL EXP', '2019-12-24', 5, 5, 5, 5, 5, 5),
(12932, 'ANEKAL EXP', '2019-12-25', 5, 5, 5, 5, 5, 5),
(12932, 'ANEKAL EXP', '2019-12-26', 5, 5, 5, 5, 5, 5),
(12932, 'ANEKAL EXP', '2019-12-27', 5, 5, 5, 5, 5, 5),
(12932, 'ANEKAL EXP', '2019-12-28', 5, 5, 5, 5, 5, 5),
(12932, 'ANEKAL EXP', '2019-12-29', 5, 5, 5, 5, 5, 5),
(12932, 'ANEKAL EXP', '2019-12-30', 5, 5, 5, 5, 5, 5),
(12932, 'ANEKAL EXP', '2019-12-31', -3, 3, 5, 5, 5, 5),
(12932, 'ANEKAL EXP', '2020-01-01', 5, 5, 5, 5, 5, 5),
(12932, 'ANEKAL EXP', '2020-01-02', 5, 5, 5, 5, 5, 5),
(12932, 'ANEKAL EXP', '2020-01-03', 5, 5, 5, 5, 5, 5),
(12932, 'ANEKAL EXP', '2020-01-04', 5, 5, 5, 5, 5, 5),
(12932, 'ANEKAL EXP', '2020-01-05', 5, 5, 5, 5, 5, 5),
(12932, 'ANEKAL EXP', '2020-01-06', 5, 5, 5, 5, 5, 5),
(12932, 'ANEKAL EXP', '2020-01-07', 5, 5, 5, 5, 5, 5),
(12932, 'ANEKAL EXP', '2020-01-08', 5, 5, 5, 5, 5, 5),
(12932, 'ANEKAL EXP', '2020-01-09', 5, 5, 5, 5, 5, 5),
(12932, 'ANEKAL EXP', '2020-01-10', 5, 5, 5, 5, 5, 5),
(12932, 'ANEKAL EXP', '2020-01-11', 5, 5, 5, 5, 5, 5),
(12932, 'ANEKAL EXP', '2020-01-12', 5, 5, 5, 5, 5, 5),
(12932, 'ANEKAL EXP', '2020-01-13', 5, 5, 5, 5, 5, 5),
(12932, 'ANEKAL EXP', '2020-01-14', 5, 5, 5, 5, 5, 5),
(12932, 'ANEKAL EXP', '2020-01-15', 5, 5, 5, 5, 5, 5),
(12932, 'ANEKAL EXP', '2020-01-16', 5, 5, 5, 5, 5, 5),
(12932, 'ANEKAL EXP', '2020-01-17', 5, 5, 5, 5, 5, 5),
(12932, 'ANEKAL EXP', '2020-01-18', 5, 5, 5, 5, 5, 5),
(12932, 'ANEKAL EXP', '2020-01-19', 5, 5, 5, 5, 5, 5),
(12932, 'ANEKAL EXP', '2020-01-20', 5, 5, 5, 5, 5, 5),
(12932, 'ANEKAL EXP', '2020-01-21', 5, 5, 5, 5, 5, 5),
(12932, 'ANEKAL EXP', '2020-01-22', 5, 5, 5, 5, 5, 5),
(12932, 'ANEKAL EXP', '2020-01-23', 5, 5, 5, 5, 5, 5),
(12932, 'ANEKAL EXP', '2020-01-24', 5, 5, 5, 5, 5, 5),
(12932, 'ANEKAL EXP', '2020-01-25', 5, 5, 5, 5, 5, 5),
(12932, 'ANEKAL EXP', '2020-01-26', 5, 5, 5, 5, 5, 5),
(12932, 'ANEKAL EXP', '2020-01-27', 5, 5, 5, 5, 5, 5),
(12932, 'ANEKAL EXP', '2020-01-28', 5, 5, 5, 5, 5, 5),
(12932, 'ANEKAL EXP', '2020-01-29', 5, 5, 5, 5, 5, 5),
(12932, 'ANEKAL EXP', '2020-01-30', 5, 5, 5, 5, 5, 5),
(12932, 'ANEKAL EXP', '2020-02-01', 5, 5, 5, 5, 5, 5),
(12932, 'ANEKAL EXP', '2020-02-02', 5, 5, 5, 5, 5, 5),
(12932, 'ANEKAL EXP', '2020-02-03', 5, 5, 5, 5, 5, 5),
(12932, 'ANEKAL EXP', '2020-02-04', 5, 5, 5, 5, 5, 5),
(12932, 'ANEKAL EXP', '2020-02-05', 5, 5, 5, 5, 5, 5),
(12932, 'ANEKAL EXP', '2020-02-06', 5, 5, 5, 5, 5, 5),
(12932, 'ANEKAL EXP', '2020-02-07', 5, 5, 5, 5, 5, 5),
(12932, 'ANEKAL EXP', '2020-02-08', 5, 5, 5, 5, 5, 5),
(12952, 'KOLAR EXP', '2019-11-10', 5, 5, 5, 5, 5, 5),
(12952, 'KOLAR EXP', '2019-11-11', 5, 5, 5, 5, 5, 5),
(12952, 'KOLAR EXP', '2019-11-12', 5, 5, 5, 5, 5, 5),
(12952, 'KOLAR EXP', '2019-11-13', 5, 5, 5, 5, 5, 5),
(12952, 'KOLAR EXP', '2019-11-14', 5, 5, 5, 5, 5, 5),
(12952, 'KOLAR EXP', '2019-11-15', 5, 5, 5, 5, 5, 5),
(12952, 'KOLAR EXP', '2019-11-16', 5, 5, 5, 5, 5, 5),
(12952, 'KOLAR EXP', '2019-11-17', 5, 5, 5, 5, 5, 5),
(12952, 'KOLAR EXP', '2019-11-18', 5, 5, 5, 5, 5, 5),
(12952, 'KOLAR EXP', '2019-11-19', 5, 5, 5, 5, 5, 5),
(12952, 'KOLAR EXP', '2019-11-20', 5, 5, 5, 5, 5, 5),
(12952, 'KOLAR EXP', '2019-11-21', 5, 5, 5, 5, 5, 5),
(12952, 'KOLAR EXP', '2019-11-22', 5, 5, 5, 5, 5, 5),
(12952, 'KOLAR EXP', '2019-11-23', 5, 5, 5, 5, 5, 5),
(12952, 'KOLAR EXP', '2019-11-24', 5, 5, 5, 5, 5, 5),
(12952, 'KOLAR EXP', '2019-11-25', 5, 5, 5, 5, 5, 5),
(12952, 'KOLAR EXP', '2019-11-26', 5, 5, 5, 5, 5, 5),
(12952, 'KOLAR EXP', '2019-11-27', 5, 5, 5, 5, 5, 5),
(12952, 'KOLAR EXP', '2019-11-28', 5, 5, 5, 5, 5, 5),
(12952, 'KOLAR EXP', '2019-11-29', 5, 5, 5, 5, 5, 5),
(12952, 'KOLAR EXP', '2019-11-30', 5, 5, 5, 5, 5, 5),
(12952, 'KOLAR EXP', '2019-12-01', 5, 5, 5, 5, 5, 5),
(12952, 'KOLAR EXP', '2019-12-02', 5, 5, 5, 5, 5, 5),
(12952, 'KOLAR EXP', '2019-12-03', 5, 5, 5, 5, 5, 5),
(12952, 'KOLAR EXP', '2019-12-04', 5, 5, 5, 5, 5, 5),
(12952, 'KOLAR EXP', '2019-12-05', 5, 5, 5, 5, 5, 5),
(12952, 'KOLAR EXP', '2019-12-06', 5, 5, 5, 5, 5, 5),
(12952, 'KOLAR EXP', '2019-12-07', 5, 5, 5, 5, 5, 5),
(12952, 'KOLAR EXP', '2019-12-08', 5, 5, 5, 5, 5, 5),
(12952, 'KOLAR EXP', '2019-12-09', 5, 5, 5, 5, 5, 5),
(12952, 'KOLAR EXP', '2019-12-10', 5, 5, 5, 5, 5, 5),
(12952, 'KOLAR EXP', '2019-12-11', 5, 5, 5, 5, 5, 5),
(12952, 'KOLAR EXP', '2019-12-12', 5, 5, 5, 5, 5, 5),
(12952, 'KOLAR EXP', '2019-12-13', 5, 5, 5, 5, 5, 5),
(12952, 'KOLAR EXP', '2019-12-14', 5, 5, 5, 5, 5, 5),
(12952, 'KOLAR EXP', '2019-12-15', 5, 5, 5, 5, 5, 5),
(12952, 'KOLAR EXP', '2019-12-16', 5, 5, 5, 5, 5, 5),
(12952, 'KOLAR EXP', '2019-12-17', 5, 5, 5, 5, 5, 5),
(12952, 'KOLAR EXP', '2019-12-18', 5, 5, 5, 5, 5, 5),
(12952, 'KOLAR EXP', '2019-12-19', 5, 5, 5, 5, 5, 5),
(12952, 'KOLAR EXP', '2019-12-20', 5, 5, 5, 5, 5, 5),
(12952, 'KOLAR EXP', '2019-12-21', 5, 5, 5, 5, 5, 5),
(12952, 'KOLAR EXP', '2019-12-22', 5, 5, 5, 5, 5, 5),
(12952, 'KOLAR EXP', '2019-12-23', 5, 5, 5, 5, 5, 5),
(12952, 'KOLAR EXP', '2019-12-24', 5, 5, 5, 5, 5, 5),
(12952, 'KOLAR EXP', '2019-12-25', 5, 5, 5, 5, 5, 5),
(12952, 'KOLAR EXP', '2019-12-26', 5, 5, 5, 5, 5, 5),
(12952, 'KOLAR EXP', '2019-12-27', 5, 5, 5, 5, 5, 5),
(12952, 'KOLAR EXP', '2019-12-28', 5, 5, 5, 5, 5, 5),
(12952, 'KOLAR EXP', '2019-12-29', 5, 5, 5, 5, 5, 5),
(12952, 'KOLAR EXP', '2019-12-30', 5, 5, 5, 5, 5, 5),
(12952, 'KOLAR EXP', '2019-12-31', 5, 5, 5, 5, 5, 5),
(12952, 'KOLAR EXP', '2020-01-01', 5, 5, 5, 5, 5, 5),
(12952, 'KOLAR EXP', '2020-01-02', 5, 5, 5, 5, 5, 5),
(12952, 'KOLAR EXP', '2020-01-03', 5, 5, 5, 5, 5, 5),
(12952, 'KOLAR EXP', '2020-01-04', 5, 5, 5, 5, 5, 5),
(12952, 'KOLAR EXP', '2020-01-05', 5, 5, 5, 5, 5, 5),
(12952, 'KOLAR EXP', '2020-01-06', 5, 5, 5, 5, 5, 5),
(12952, 'KOLAR EXP', '2020-01-07', 5, 5, 5, 5, 5, 5),
(12952, 'KOLAR EXP', '2020-01-08', 5, 5, 5, 5, 5, 5),
(12952, 'KOLAR EXP', '2020-01-09', 5, 5, 5, 5, 5, 5),
(12952, 'KOLAR EXP', '2020-01-10', 5, 5, 5, 5, 5, 5),
(12952, 'KOLAR EXP', '2020-01-11', 5, 5, 5, 5, 5, 5),
(12952, 'KOLAR EXP', '2020-01-12', 5, 5, 5, 5, 5, 5),
(12952, 'KOLAR EXP', '2020-01-13', 5, 5, 5, 5, 5, 5),
(12952, 'KOLAR EXP', '2020-01-14', 5, 5, 5, 5, 5, 5),
(12952, 'KOLAR EXP', '2020-01-15', 5, 5, 5, 5, 5, 5),
(12952, 'KOLAR EXP', '2020-01-16', 5, 5, 5, 5, 5, 5),
(12952, 'KOLAR EXP', '2020-01-17', 5, 5, 5, 5, 5, 5),
(12952, 'KOLAR EXP', '2020-01-18', 5, 5, 5, 5, 5, 5),
(12952, 'KOLAR EXP', '2020-01-19', 5, 5, 5, 5, 5, 5),
(12952, 'KOLAR EXP', '2020-01-20', 5, 5, 5, 5, 5, 5),
(12952, 'KOLAR EXP', '2020-01-21', 5, 5, 5, 5, 5, 5),
(12952, 'KOLAR EXP', '2020-01-22', 5, 5, 5, 5, 5, 5),
(12952, 'KOLAR EXP', '2020-01-23', 5, 5, 5, 5, 5, 5),
(12952, 'KOLAR EXP', '2020-01-24', 5, 5, 5, 5, 5, 5),
(12952, 'KOLAR EXP', '2020-01-25', 5, 5, 5, 5, 5, 5),
(12952, 'KOLAR EXP', '2020-01-26', 5, 5, 5, 5, 5, 5),
(12952, 'KOLAR EXP', '2020-01-27', 5, 5, 5, 5, 5, 5),
(12952, 'KOLAR EXP', '2020-01-28', 5, 5, 5, 5, 5, 5),
(12952, 'KOLAR EXP', '2020-01-29', 5, 5, 5, 5, 5, 5),
(12952, 'KOLAR EXP', '2020-01-30', 5, 5, 5, 5, 5, 5),
(12952, 'KOLAR EXP', '2020-02-01', 5, 5, 5, 5, 5, 5),
(12952, 'KOLAR EXP', '2020-02-02', 5, 5, 5, 5, 5, 5),
(12952, 'KOLAR EXP', '2020-02-03', 5, 5, 5, 5, 5, 5),
(12952, 'KOLAR EXP', '2020-02-04', 5, 5, 5, 5, 5, 5),
(12952, 'KOLAR EXP', '2020-02-05', 5, 5, 5, 5, 5, 5),
(12952, 'KOLAR EXP', '2020-02-06', 5, 5, 5, 5, 5, 5),
(12952, 'KOLAR EXP', '2020-02-07', 5, 5, 5, 5, 5, 5),
(12952, 'KOLAR EXP', '2020-02-08', 5, 5, 5, 5, 5, 5),
(19011, 'TUMKUR EXP', '2019-11-10', 5, 5, 5, 5, 5, 5),
(19011, 'TUMKUR EXP', '2019-11-11', 5, 5, 5, 5, 5, 5),
(19011, 'TUMKUR EXP', '2019-11-12', 5, 5, 5, 5, 5, 5),
(19011, 'TUMKUR EXP', '2019-11-13', 5, 5, 5, 5, 5, 5),
(19011, 'TUMKUR EXP', '2019-11-14', 5, 5, 5, 5, 5, 5),
(19011, 'TUMKUR EXP', '2019-11-15', 5, 5, 5, 5, 5, 5),
(19011, 'TUMKUR EXP', '2019-11-16', 5, 5, 5, 5, 5, 5),
(19011, 'TUMKUR EXP', '2019-11-17', 5, 5, 5, 5, 5, 5),
(19011, 'TUMKUR EXP', '2019-11-18', 5, 5, 5, 5, 5, 5),
(19011, 'TUMKUR EXP', '2019-11-19', 5, 5, 5, 5, 5, 5),
(19011, 'TUMKUR EXP', '2019-11-20', 5, 5, 5, 5, 5, 5),
(19011, 'TUMKUR EXP', '2019-11-21', 5, 5, 5, 5, 5, 5),
(19011, 'TUMKUR EXP', '2019-11-22', 5, 5, 5, 5, 5, 5),
(19011, 'TUMKUR EXP', '2019-11-23', 5, 5, 5, 5, 5, 5),
(19011, 'TUMKUR EXP', '2019-11-24', 5, 5, 5, 5, 5, 5),
(19011, 'TUMKUR EXP', '2019-11-25', 5, 5, 5, 5, 5, 5),
(19011, 'TUMKUR EXP', '2019-11-26', 5, 5, 5, 5, 5, 5),
(19011, 'TUMKUR EXP', '2019-11-27', 5, 5, 5, 5, 5, 5),
(19011, 'TUMKUR EXP', '2019-11-28', 5, 5, 5, 5, 5, 5),
(19011, 'TUMKUR EXP', '2019-11-29', 5, 5, 5, 5, 5, 5),
(19011, 'TUMKUR EXP', '2019-11-30', 4, 5, 5, 5, 5, 5),
(19011, 'TUMKUR EXP', '2019-12-01', 5, 5, 5, 5, 5, 5),
(19011, 'TUMKUR EXP', '2019-12-02', 5, 5, 5, 5, 5, 5),
(19011, 'TUMKUR EXP', '2019-12-03', 5, 5, 5, 5, 5, 5),
(19011, 'TUMKUR EXP', '2019-12-04', 5, 5, 5, 5, 5, 5),
(19011, 'TUMKUR EXP', '2019-12-05', 5, 5, 5, 5, 5, 5),
(19011, 'TUMKUR EXP', '2019-12-06', 5, 5, 5, 5, 5, 5),
(19011, 'TUMKUR EXP', '2019-12-07', 5, 5, 5, 5, 5, 5),
(19011, 'TUMKUR EXP', '2019-12-08', 5, 5, 5, 5, 5, 5),
(19011, 'TUMKUR EXP', '2019-12-09', 5, 5, 5, 5, 5, 5),
(19011, 'TUMKUR EXP', '2019-12-10', 5, 5, 5, 5, 5, 5),
(19011, 'TUMKUR EXP', '2019-12-11', 5, 5, 5, 5, 5, 5),
(19011, 'TUMKUR EXP', '2019-12-12', 5, 5, 5, 5, 5, 5),
(19011, 'TUMKUR EXP', '2019-12-13', 5, 5, 5, 5, 5, 5),
(19011, 'TUMKUR EXP', '2019-12-14', 5, 5, 5, 5, 5, 5),
(19011, 'TUMKUR EXP', '2019-12-15', 5, 5, 5, 5, 5, 5),
(19011, 'TUMKUR EXP', '2019-12-16', 5, 5, 5, 5, 5, 5),
(19011, 'TUMKUR EXP', '2019-12-17', 5, 5, 5, 5, 5, 5),
(19011, 'TUMKUR EXP', '2019-12-18', 5, 5, 5, 5, 5, 5),
(19011, 'TUMKUR EXP', '2019-12-19', 5, 5, 5, 5, 5, 5),
(19011, 'TUMKUR EXP', '2019-12-20', 5, 5, 5, 5, 5, 5),
(19011, 'TUMKUR EXP', '2019-12-21', 5, 5, 5, 5, 5, 5),
(19011, 'TUMKUR EXP', '2019-12-22', 5, 5, 5, 5, 5, 5),
(19011, 'TUMKUR EXP', '2019-12-23', 5, 5, 5, 5, 5, 5),
(19011, 'TUMKUR EXP', '2019-12-24', 5, 5, 5, 5, 5, 5),
(19011, 'TUMKUR EXP', '2019-12-25', 5, 5, 5, 5, 5, 5),
(19011, 'TUMKUR EXP', '2019-12-26', 5, 5, 5, 5, 5, 5),
(19011, 'TUMKUR EXP', '2019-12-27', 5, 5, 5, 5, 5, 5),
(19011, 'TUMKUR EXP', '2019-12-28', 5, 5, 5, 5, 5, 5),
(19011, 'TUMKUR EXP', '2019-12-29', 5, 5, 5, 5, 5, 5),
(19011, 'TUMKUR EXP', '2019-12-30', 5, 5, 5, 5, 5, 5),
(19011, 'TUMKUR EXP', '2019-12-31', 5, 5, 5, 5, 5, 5),
(19011, 'TUMKUR EXP', '2020-01-01', 5, 5, 5, 5, 5, 5),
(19011, 'TUMKUR EXP', '2020-01-02', 5, 5, 5, 5, 5, 5),
(19011, 'TUMKUR EXP', '2020-01-03', 5, 5, 5, 5, 5, 5),
(19011, 'TUMKUR EXP', '2020-01-04', 5, 5, 5, 5, 5, 5),
(19011, 'TUMKUR EXP', '2020-01-05', 5, 5, 5, 5, 5, 5),
(19011, 'TUMKUR EXP', '2020-01-06', 5, 5, 5, 5, 5, 5),
(19011, 'TUMKUR EXP', '2020-01-07', 5, 5, 5, 5, 5, 5),
(19011, 'TUMKUR EXP', '2020-01-08', 5, 5, 5, 5, 5, 5),
(19011, 'TUMKUR EXP', '2020-01-09', 5, 5, 5, 5, 5, 5),
(19011, 'TUMKUR EXP', '2020-01-10', 5, 5, 5, 5, 5, 5),
(19011, 'TUMKUR EXP', '2020-01-11', 5, 5, 5, 5, 5, 5),
(19011, 'TUMKUR EXP', '2020-01-12', 5, 5, 5, 5, 5, 5),
(19011, 'TUMKUR EXP', '2020-01-13', 5, 5, 5, 5, 5, 5),
(19011, 'TUMKUR EXP', '2020-01-14', 5, 5, 5, 5, 5, 5),
(19011, 'TUMKUR EXP', '2020-01-15', 5, 5, 5, 5, 5, 5),
(19011, 'TUMKUR EXP', '2020-01-16', 5, 5, 5, 5, 5, 5),
(19011, 'TUMKUR EXP', '2020-01-17', 5, 5, 5, 5, 5, 5),
(19011, 'TUMKUR EXP', '2020-01-18', 5, 5, 5, 5, 5, 5),
(19011, 'TUMKUR EXP', '2020-01-19', 5, 5, 5, 5, 5, 5),
(19011, 'TUMKUR EXP', '2020-01-20', 5, 5, 5, 5, 5, 5),
(19011, 'TUMKUR EXP', '2020-01-21', 5, 5, 5, 5, 5, 5),
(19011, 'TUMKUR EXP', '2020-01-22', 5, 5, 5, 5, 5, 5),
(19011, 'TUMKUR EXP', '2020-01-23', 5, 5, 5, 5, 5, 5),
(19011, 'TUMKUR EXP', '2020-01-24', 5, 5, 5, 5, 5, 5),
(19011, 'TUMKUR EXP', '2020-01-25', 5, 5, 5, 5, 5, 5),
(19011, 'TUMKUR EXP', '2020-01-26', 5, 5, 5, 5, 5, 5),
(19011, 'TUMKUR EXP', '2020-01-27', 5, 5, 5, 5, 5, 5),
(19011, 'TUMKUR EXP', '2020-01-28', 5, 5, 5, 5, 5, 5),
(19011, 'TUMKUR EXP', '2020-01-29', 5, 5, 5, 5, 5, 5),
(19011, 'TUMKUR EXP', '2020-01-30', 5, 5, 5, 5, 5, 5),
(19011, 'TUMKUR EXP', '2020-02-01', 5, 5, 5, 5, 5, 5),
(19011, 'TUMKUR EXP', '2020-02-02', 5, 5, 5, 5, 5, 5),
(19011, 'TUMKUR EXP', '2020-02-03', 5, 5, 5, 5, 5, 5),
(19011, 'TUMKUR EXP', '2020-02-04', 5, 5, 5, 5, 5, 5),
(19011, 'TUMKUR EXP', '2020-02-05', 5, 5, 5, 5, 5, 5),
(19011, 'TUMKUR EXP', '2020-02-06', 5, 5, 5, 5, 5, 5),
(19011, 'TUMKUR EXP', '2020-02-07', 5, 5, 5, 5, 5, 5),
(19011, 'TUMKUR EXP', '2020-02-08', 5, 5, 5, 5, 5, 5),
(22210, 'DEVANAHALLI EXP', '2019-11-10', 5, 5, 5, 5, 5, 5),
(22210, 'DEVANAHALLI EXP', '2019-11-11', 5, 5, 5, 5, 5, 5),
(22210, 'DEVANAHALLI EXP', '2019-11-12', 5, 5, 5, 5, 5, 5),
(22210, 'DEVANAHALLI EXP', '2019-11-13', 5, 5, 5, 5, 5, 5),
(22210, 'DEVANAHALLI EXP', '2019-11-14', 5, 5, 5, 5, 5, 5),
(22210, 'DEVANAHALLI EXP', '2019-11-15', 5, 5, 5, 5, 5, 5),
(22210, 'DEVANAHALLI EXP', '2019-11-16', 5, 5, 5, 5, 5, 5),
(22210, 'DEVANAHALLI EXP', '2019-11-17', 5, 5, 5, 5, 5, 5),
(22210, 'DEVANAHALLI EXP', '2019-11-18', 5, 5, 5, 5, 5, 5),
(22210, 'DEVANAHALLI EXP', '2019-11-19', 5, 5, 5, 5, 5, 5),
(22210, 'DEVANAHALLI EXP', '2019-11-20', 5, 5, 5, 5, 5, 5),
(22210, 'DEVANAHALLI EXP', '2019-11-21', 5, 5, 5, 5, 5, 5),
(22210, 'DEVANAHALLI EXP', '2019-11-22', 5, 5, 5, 5, 5, 5),
(22210, 'DEVANAHALLI EXP', '2019-11-23', 5, 5, 5, 5, 5, 5),
(22210, 'DEVANAHALLI EXP', '2019-11-24', 5, 5, 5, 5, 5, 5),
(22210, 'DEVANAHALLI EXP', '2019-11-25', 5, 5, 5, 5, 5, 5),
(22210, 'DEVANAHALLI EXP', '2019-11-26', 5, 5, 5, 5, 5, 5),
(22210, 'DEVANAHALLI EXP', '2019-11-27', 5, 5, 5, 5, 5, 5),
(22210, 'DEVANAHALLI EXP', '2019-11-28', 5, 5, 5, 5, 5, 5),
(22210, 'DEVANAHALLI EXP', '2019-11-29', 5, 5, 5, 5, 5, 5),
(22210, 'DEVANAHALLI EXP', '2019-11-30', 5, 5, 5, 5, 5, 5),
(22210, 'DEVANAHALLI EXP', '2019-12-01', 5, 5, 5, 5, 5, 5),
(22210, 'DEVANAHALLI EXP', '2019-12-02', 5, 5, 5, 5, 5, 5),
(22210, 'DEVANAHALLI EXP', '2019-12-03', 5, 5, 5, 5, 5, 5),
(22210, 'DEVANAHALLI EXP', '2019-12-04', 5, 5, 5, 5, 5, 5),
(22210, 'DEVANAHALLI EXP', '2019-12-05', 5, 5, 5, 5, 5, 5),
(22210, 'DEVANAHALLI EXP', '2019-12-06', 5, 5, 5, 5, 5, 5),
(22210, 'DEVANAHALLI EXP', '2019-12-07', 5, 5, 5, 5, 5, 5),
(22210, 'DEVANAHALLI EXP', '2019-12-08', 5, 5, 5, 5, 5, 5),
(22210, 'DEVANAHALLI EXP', '2019-12-09', 5, 5, 5, 5, 5, 5),
(22210, 'DEVANAHALLI EXP', '2019-12-10', 5, 5, 5, 5, 5, 5),
(22210, 'DEVANAHALLI EXP', '2019-12-11', 5, 5, 5, 5, 5, 5),
(22210, 'DEVANAHALLI EXP', '2019-12-12', 5, 5, 5, 5, 5, 5),
(22210, 'DEVANAHALLI EXP', '2019-12-13', 5, 5, 5, 5, 5, 5),
(22210, 'DEVANAHALLI EXP', '2019-12-14', 5, 5, 5, 5, 5, 5),
(22210, 'DEVANAHALLI EXP', '2019-12-15', 5, 5, 5, 5, 5, 5),
(22210, 'DEVANAHALLI EXP', '2019-12-16', 5, 5, 5, 5, 5, 5),
(22210, 'DEVANAHALLI EXP', '2019-12-17', 5, 5, 5, 5, 5, 5),
(22210, 'DEVANAHALLI EXP', '2019-12-18', 5, 5, 5, 5, 5, 5),
(22210, 'DEVANAHALLI EXP', '2019-12-19', 5, 5, 5, 5, 5, 5),
(22210, 'DEVANAHALLI EXP', '2019-12-20', 5, 5, 5, 5, 5, 5),
(22210, 'DEVANAHALLI EXP', '2019-12-21', 5, 5, 5, 5, 5, 5),
(22210, 'DEVANAHALLI EXP', '2019-12-22', 5, 5, 5, 5, 5, 5),
(22210, 'DEVANAHALLI EXP', '2019-12-23', 5, 5, 5, 5, 5, 5),
(22210, 'DEVANAHALLI EXP', '2019-12-24', 5, 5, 5, 5, 5, 5),
(22210, 'DEVANAHALLI EXP', '2019-12-25', 5, 5, 5, 5, 5, 5),
(22210, 'DEVANAHALLI EXP', '2019-12-26', 5, 5, 5, 5, 5, 5),
(22210, 'DEVANAHALLI EXP', '2019-12-27', 5, 5, 5, 5, 5, 5),
(22210, 'DEVANAHALLI EXP', '2019-12-28', 5, 5, 5, 5, 5, 5),
(22210, 'DEVANAHALLI EXP', '2019-12-29', 5, 5, 5, 5, 5, 5),
(22210, 'DEVANAHALLI EXP', '2019-12-30', 5, 5, 5, 5, 5, 5),
(22210, 'DEVANAHALLI EXP', '2019-12-31', 5, 5, 5, 5, 5, 5),
(22210, 'DEVANAHALLI EXP', '2020-01-01', 5, 5, 5, 5, 5, 5),
(22210, 'DEVANAHALLI EXP', '2020-01-02', 5, 5, 5, 5, 5, 5),
(22210, 'DEVANAHALLI EXP', '2020-01-03', 5, 5, 5, 5, 5, 5),
(22210, 'DEVANAHALLI EXP', '2020-01-04', 5, 5, 5, 5, 5, 5),
(22210, 'DEVANAHALLI EXP', '2020-01-05', 5, 5, 5, 5, 5, 5),
(22210, 'DEVANAHALLI EXP', '2020-01-06', 5, 5, 5, 5, 5, 5),
(22210, 'DEVANAHALLI EXP', '2020-01-07', 5, 5, 5, 5, 5, 5),
(22210, 'DEVANAHALLI EXP', '2020-01-08', 5, 5, 5, 5, 5, 5),
(22210, 'DEVANAHALLI EXP', '2020-01-09', 5, 5, 5, 5, 5, 5),
(22210, 'DEVANAHALLI EXP', '2020-01-10', 5, 5, 5, 5, 5, 5),
(22210, 'DEVANAHALLI EXP', '2020-01-11', 5, 5, 5, 5, 5, 5),
(22210, 'DEVANAHALLI EXP', '2020-01-12', 5, 5, 5, 5, 5, 5),
(22210, 'DEVANAHALLI EXP', '2020-01-13', 5, 5, 5, 5, 5, 5),
(22210, 'DEVANAHALLI EXP', '2020-01-14', 5, 5, 5, 5, 5, 5),
(22210, 'DEVANAHALLI EXP', '2020-01-15', 5, 5, 5, 5, 5, 5),
(22210, 'DEVANAHALLI EXP', '2020-01-16', 5, 5, 5, 5, 5, 5),
(22210, 'DEVANAHALLI EXP', '2020-01-17', 5, 5, 5, 5, 5, 5),
(22210, 'DEVANAHALLI EXP', '2020-01-18', 5, 5, 5, 5, 5, 5),
(22210, 'DEVANAHALLI EXP', '2020-01-19', 5, 5, 5, 5, 5, 5),
(22210, 'DEVANAHALLI EXP', '2020-01-20', 5, 5, 5, 5, 5, 5),
(22210, 'DEVANAHALLI EXP', '2020-01-21', 5, 5, 5, 5, 5, 5),
(22210, 'DEVANAHALLI EXP', '2020-01-22', 5, 5, 5, 5, 5, 5),
(22210, 'DEVANAHALLI EXP', '2020-01-23', 5, 5, 5, 5, 5, 5),
(22210, 'DEVANAHALLI EXP', '2020-01-24', 5, 5, 5, 5, 5, 5),
(22210, 'DEVANAHALLI EXP', '2020-01-25', 5, 5, 5, 5, 5, 5),
(22210, 'DEVANAHALLI EXP', '2020-01-26', 5, 5, 5, 5, 5, 5),
(22210, 'DEVANAHALLI EXP', '2020-01-27', 5, 5, 5, 5, 5, 5),
(22210, 'DEVANAHALLI EXP', '2020-01-28', 5, 5, 5, 5, 5, 5),
(22210, 'DEVANAHALLI EXP', '2020-01-29', 5, 5, 5, 5, 5, 5),
(22210, 'DEVANAHALLI EXP', '2020-01-30', 5, 5, 5, 5, 5, 5),
(22210, 'DEVANAHALLI EXP', '2020-02-01', 5, 5, 5, 5, 5, 5),
(22210, 'DEVANAHALLI EXP', '2020-02-02', 5, 5, 5, 5, 5, 5),
(22210, 'DEVANAHALLI EXP', '2020-02-03', 5, 5, 5, 5, 5, 5),
(22210, 'DEVANAHALLI EXP', '2020-02-04', 5, 5, 5, 5, 5, 5),
(22210, 'DEVANAHALLI EXP', '2020-02-05', 5, 5, 5, 5, 5, 5),
(22210, 'DEVANAHALLI EXP', '2020-02-06', 5, 5, 5, 5, 5, 5),
(22210, 'DEVANAHALLI EXP', '2020-02-07', 5, 5, 5, 5, 5, 5),
(22210, 'DEVANAHALLI EXP', '2020-02-08', 5, 5, 5, 5, 5, 5),
(22220, 'RAMANAGAR EXP', '2019-11-10', 5, 5, 5, 5, 5, 5),
(22220, 'RAMANAGAR EXP', '2019-11-11', 5, 5, 5, 5, 5, 5),
(22220, 'RAMANAGAR EXP', '2019-11-12', 5, 5, 5, 5, 5, 5),
(22220, 'RAMANAGAR EXP', '2019-11-13', 5, 5, 5, 5, 5, 5),
(22220, 'RAMANAGAR EXP', '2019-11-14', 5, 5, 5, 5, 5, 5),
(22220, 'RAMANAGAR EXP', '2019-11-15', 5, 5, 5, 5, 5, 5),
(22220, 'RAMANAGAR EXP', '2019-11-16', 5, 5, 5, 5, 5, 5),
(22220, 'RAMANAGAR EXP', '2019-11-17', 5, 5, 5, 5, 5, 5),
(22220, 'RAMANAGAR EXP', '2019-11-18', 5, 5, 5, 5, 5, 5),
(22220, 'RAMANAGAR EXP', '2019-11-19', 5, 5, 5, 5, 5, 5),
(22220, 'RAMANAGAR EXP', '2019-11-20', 5, 5, 5, 5, 5, 5),
(22220, 'RAMANAGAR EXP', '2019-11-21', 5, 5, 5, 5, 5, 5),
(22220, 'RAMANAGAR EXP', '2019-11-22', 5, 5, 5, 5, 5, 5),
(22220, 'RAMANAGAR EXP', '2019-11-23', 5, 5, 5, 5, 5, 5),
(22220, 'RAMANAGAR EXP', '2019-11-24', 5, 5, 5, 5, 5, 5),
(22220, 'RAMANAGAR EXP', '2019-11-25', 5, 5, 5, 5, 5, 5),
(22220, 'RAMANAGAR EXP', '2019-11-26', 5, 5, 5, 5, 5, 5),
(22220, 'RAMANAGAR EXP', '2019-11-27', 5, 5, 5, 5, 5, 5),
(22220, 'RAMANAGAR EXP', '2019-11-28', 5, 5, 5, 5, 5, 5),
(22220, 'RAMANAGAR EXP', '2019-11-29', 5, 5, 5, 5, 5, 5),
(22220, 'RAMANAGAR EXP', '2019-11-30', 5, 5, 5, 5, 5, 5),
(22220, 'RAMANAGAR EXP', '2019-12-01', 5, 5, 5, 5, 5, 5),
(22220, 'RAMANAGAR EXP', '2019-12-02', 5, 5, 5, 5, 5, 5),
(22220, 'RAMANAGAR EXP', '2019-12-03', 5, 5, 5, 5, 5, 5),
(22220, 'RAMANAGAR EXP', '2019-12-04', 5, 5, 5, 5, 5, 5),
(22220, 'RAMANAGAR EXP', '2019-12-05', 5, 5, 5, 5, 5, 5),
(22220, 'RAMANAGAR EXP', '2019-12-06', 5, 5, 5, 5, 5, 5),
(22220, 'RAMANAGAR EXP', '2019-12-07', 5, 5, 5, 5, 5, 5),
(22220, 'RAMANAGAR EXP', '2019-12-08', 5, 5, 5, 5, 5, 5),
(22220, 'RAMANAGAR EXP', '2019-12-09', 5, 5, 5, 5, 5, 5),
(22220, 'RAMANAGAR EXP', '2019-12-10', 5, 5, 5, 5, 5, 5),
(22220, 'RAMANAGAR EXP', '2019-12-11', 5, 5, 5, 5, 5, 5),
(22220, 'RAMANAGAR EXP', '2019-12-12', 5, 5, 5, 5, 5, 5),
(22220, 'RAMANAGAR EXP', '2019-12-13', 5, 5, 5, 5, 5, 5),
(22220, 'RAMANAGAR EXP', '2019-12-14', 5, 5, 5, 5, 5, 5),
(22220, 'RAMANAGAR EXP', '2019-12-15', 5, 5, 5, 5, 5, 5),
(22220, 'RAMANAGAR EXP', '2019-12-16', 5, 5, 5, 5, 5, 5),
(22220, 'RAMANAGAR EXP', '2019-12-17', 5, 5, 5, 5, 5, 5),
(22220, 'RAMANAGAR EXP', '2019-12-18', 5, 5, 5, 5, 5, 5),
(22220, 'RAMANAGAR EXP', '2019-12-19', 5, 5, 5, 5, 5, 5),
(22220, 'RAMANAGAR EXP', '2019-12-20', 5, 5, 5, 5, 5, 5),
(22220, 'RAMANAGAR EXP', '2019-12-21', 5, 5, 5, 5, 5, 5),
(22220, 'RAMANAGAR EXP', '2019-12-22', 5, 5, 5, 5, 5, 5),
(22220, 'RAMANAGAR EXP', '2019-12-23', 5, 5, 5, 5, 5, 5),
(22220, 'RAMANAGAR EXP', '2019-12-24', 5, 5, 5, 5, 5, 5),
(22220, 'RAMANAGAR EXP', '2019-12-25', 5, 5, 5, 5, 5, 5),
(22220, 'RAMANAGAR EXP', '2019-12-26', 5, 5, 5, 5, 5, 5),
(22220, 'RAMANAGAR EXP', '2019-12-27', 5, 5, 5, 5, 5, 5),
(22220, 'RAMANAGAR EXP', '2019-12-28', 5, 5, 5, 5, 5, 5),
(22220, 'RAMANAGAR EXP', '2019-12-29', 5, 5, 5, 5, 5, 5),
(22220, 'RAMANAGAR EXP', '2019-12-30', 5, 5, 5, 5, 5, 5),
(22220, 'RAMANAGAR EXP', '2019-12-31', 5, 5, 5, 5, 5, 5),
(22220, 'RAMANAGAR EXP', '2020-01-01', 5, 5, 5, 5, 5, 5),
(22220, 'RAMANAGAR EXP', '2020-01-02', 5, 5, 5, 5, 5, 5),
(22220, 'RAMANAGAR EXP', '2020-01-03', 5, 5, 5, 5, 5, 5),
(22220, 'RAMANAGAR EXP', '2020-01-04', 5, 5, 5, 5, 5, 5),
(22220, 'RAMANAGAR EXP', '2020-01-05', 5, 5, 5, 5, 5, 5),
(22220, 'RAMANAGAR EXP', '2020-01-06', 5, 5, 5, 5, 5, 5),
(22220, 'RAMANAGAR EXP', '2020-01-07', 5, 5, 5, 5, 5, 5),
(22220, 'RAMANAGAR EXP', '2020-01-08', 5, 5, 5, 5, 5, 5),
(22220, 'RAMANAGAR EXP', '2020-01-09', 5, 5, 5, 5, 5, 5),
(22220, 'RAMANAGAR EXP', '2020-01-10', 5, 5, 5, 5, 5, 5),
(22220, 'RAMANAGAR EXP', '2020-01-11', 5, 5, 5, 5, 5, 5),
(22220, 'RAMANAGAR EXP', '2020-01-12', 5, 5, 5, 5, 5, 5),
(22220, 'RAMANAGAR EXP', '2020-01-13', 5, 5, 5, 5, 5, 5),
(22220, 'RAMANAGAR EXP', '2020-01-14', 5, 5, 5, 5, 5, 5),
(22220, 'RAMANAGAR EXP', '2020-01-15', 5, 5, 5, 5, 5, 5),
(22220, 'RAMANAGAR EXP', '2020-01-16', 5, 5, 5, 5, 5, 5),
(22220, 'RAMANAGAR EXP', '2020-01-17', 5, 5, 5, 5, 5, 5),
(22220, 'RAMANAGAR EXP', '2020-01-18', 5, 5, 5, 5, 5, 5),
(22220, 'RAMANAGAR EXP', '2020-01-19', 5, 5, 5, 5, 5, 5),
(22220, 'RAMANAGAR EXP', '2020-01-20', 5, 5, 5, 5, 5, 5),
(22220, 'RAMANAGAR EXP', '2020-01-21', 5, 5, 5, 5, 5, 5),
(22220, 'RAMANAGAR EXP', '2020-01-22', 5, 5, 5, 5, 5, 5),
(22220, 'RAMANAGAR EXP', '2020-01-23', 5, 5, 5, 5, 5, 5),
(22220, 'RAMANAGAR EXP', '2020-01-24', 5, 5, 5, 5, 5, 5),
(22220, 'RAMANAGAR EXP', '2020-01-25', 5, 5, 5, 5, 5, 5),
(22220, 'RAMANAGAR EXP', '2020-01-26', 5, 5, 5, 5, 5, 5),
(22220, 'RAMANAGAR EXP', '2020-01-27', 5, 5, 5, 5, 5, 5),
(22220, 'RAMANAGAR EXP', '2020-01-28', 5, 5, 5, 5, 5, 5),
(22220, 'RAMANAGAR EXP', '2020-01-29', 5, 5, 5, 5, 5, 5),
(22220, 'RAMANAGAR EXP', '2020-01-30', 5, 5, 5, 5, 5, 5),
(22220, 'RAMANAGAR EXP', '2020-02-01', 5, 5, 5, 5, 5, 5),
(22220, 'RAMANAGAR EXP', '2020-02-02', 5, 5, 5, 5, 5, 5),
(22220, 'RAMANAGAR EXP', '2020-02-03', 5, 5, 5, 5, 5, 5),
(22220, 'RAMANAGAR EXP', '2020-02-04', 5, 5, 5, 5, 5, 5),
(22220, 'RAMANAGAR EXP', '2020-02-05', 5, 5, 5, 5, 5, 5),
(22220, 'RAMANAGAR EXP', '2020-02-06', 5, 5, 5, 5, 5, 5),
(22220, 'RAMANAGAR EXP', '2020-02-07', 5, 5, 5, 5, 5, 5),
(22220, 'RAMANAGAR EXP', '2020-02-08', 5, 5, 5, 5, 5, 5),
(22222, 'ANEKAL EXP', '2019-11-10', 5, 5, 5, 5, 5, 5),
(22222, 'ANEKAL EXP', '2019-11-11', 5, 5, 5, 5, 5, 5),
(22222, 'ANEKAL EXP', '2019-11-12', 5, 5, 5, 5, 5, 5),
(22222, 'ANEKAL EXP', '2019-11-13', 5, 5, 5, 5, 5, 5),
(22222, 'ANEKAL EXP', '2019-11-14', 5, 5, 5, 5, 5, 5),
(22222, 'ANEKAL EXP', '2019-11-15', 5, 5, 5, 5, 5, 5),
(22222, 'ANEKAL EXP', '2019-11-16', 5, 5, 5, 5, 5, 5),
(22222, 'ANEKAL EXP', '2019-11-17', 5, 5, 5, 5, 5, 5),
(22222, 'ANEKAL EXP', '2019-11-18', 5, 5, 5, 5, 5, 5),
(22222, 'ANEKAL EXP', '2019-11-19', 5, 5, 5, 5, 5, 5),
(22222, 'ANEKAL EXP', '2019-11-20', 5, 5, 5, 5, 5, 5),
(22222, 'ANEKAL EXP', '2019-11-21', 5, 5, 5, 5, 5, 5),
(22222, 'ANEKAL EXP', '2019-11-22', 5, 5, 5, 5, 5, 5),
(22222, 'ANEKAL EXP', '2019-11-23', 5, 5, 5, 5, 5, 5),
(22222, 'ANEKAL EXP', '2019-11-24', 5, 5, 5, 5, 5, 5),
(22222, 'ANEKAL EXP', '2019-11-25', 5, 5, 5, 5, 5, 5),
(22222, 'ANEKAL EXP', '2019-11-26', 5, 5, 5, 5, 5, 5),
(22222, 'ANEKAL EXP', '2019-11-27', 5, 5, 5, 5, 5, 5),
(22222, 'ANEKAL EXP', '2019-11-28', 5, 5, 5, 5, 5, 5),
(22222, 'ANEKAL EXP', '2019-11-29', 5, 5, 5, 5, 5, 5),
(22222, 'ANEKAL EXP', '2019-11-30', 5, 5, 5, 5, 5, 5),
(22222, 'ANEKAL EXP', '2019-12-01', 5, 5, 5, 5, 5, 5),
(22222, 'ANEKAL EXP', '2019-12-02', 5, 5, 5, 5, 5, 5),
(22222, 'ANEKAL EXP', '2019-12-03', 5, 5, 5, 5, 5, 5),
(22222, 'ANEKAL EXP', '2019-12-04', 5, 5, 5, 5, 5, 5),
(22222, 'ANEKAL EXP', '2019-12-05', 5, 5, 5, 5, 5, 5),
(22222, 'ANEKAL EXP', '2019-12-06', 5, 5, 5, 5, 5, 5),
(22222, 'ANEKAL EXP', '2019-12-07', 5, 5, 5, 5, 5, 5),
(22222, 'ANEKAL EXP', '2019-12-08', 5, 5, 5, 5, 5, 5),
(22222, 'ANEKAL EXP', '2019-12-09', 5, 5, 5, 5, 5, 5),
(22222, 'ANEKAL EXP', '2019-12-10', 5, 5, 5, 5, 5, 5),
(22222, 'ANEKAL EXP', '2019-12-11', 5, 5, 5, 5, 5, 5),
(22222, 'ANEKAL EXP', '2019-12-12', 5, 5, 5, 5, 5, 5),
(22222, 'ANEKAL EXP', '2019-12-13', 5, 5, 5, 5, 5, 5),
(22222, 'ANEKAL EXP', '2019-12-14', 5, 5, 5, 5, 5, 5),
(22222, 'ANEKAL EXP', '2019-12-15', 5, 5, 5, 5, 5, 5),
(22222, 'ANEKAL EXP', '2019-12-16', 5, 5, 5, 5, 5, 5),
(22222, 'ANEKAL EXP', '2019-12-17', 5, 5, 5, 5, 5, 5),
(22222, 'ANEKAL EXP', '2019-12-18', 5, 5, 5, 5, 5, 5),
(22222, 'ANEKAL EXP', '2019-12-19', 5, 5, 5, 5, 5, 5),
(22222, 'ANEKAL EXP', '2019-12-20', 5, 5, 5, 5, 5, 5),
(22222, 'ANEKAL EXP', '2019-12-21', 5, 5, 5, 5, 5, 5),
(22222, 'ANEKAL EXP', '2019-12-22', 5, 5, 5, 5, 5, 5),
(22222, 'ANEKAL EXP', '2019-12-23', 5, 5, 5, 5, 5, 5),
(22222, 'ANEKAL EXP', '2019-12-24', 5, 5, 5, 5, 5, 5),
(22222, 'ANEKAL EXP', '2019-12-25', 5, 5, 5, 5, 5, 5),
(22222, 'ANEKAL EXP', '2019-12-26', 5, 5, 5, 5, 5, 5),
(22222, 'ANEKAL EXP', '2019-12-27', 5, 5, 5, 5, 5, 5),
(22222, 'ANEKAL EXP', '2019-12-28', 5, 5, 5, 5, 5, 5),
(22222, 'ANEKAL EXP', '2019-12-29', 5, 5, 5, 5, 5, 5),
(22222, 'ANEKAL EXP', '2019-12-30', 5, 5, 5, 5, 5, 5),
(22222, 'ANEKAL EXP', '2019-12-31', 5, 5, 5, 5, 5, 5),
(22222, 'ANEKAL EXP', '2020-01-01', 5, 5, 5, 5, 5, 5),
(22222, 'ANEKAL EXP', '2020-01-02', 5, 5, 5, 5, 5, 5),
(22222, 'ANEKAL EXP', '2020-01-03', 5, 5, 5, 5, 5, 5),
(22222, 'ANEKAL EXP', '2020-01-04', 5, 5, 5, 5, 5, 5),
(22222, 'ANEKAL EXP', '2020-01-05', 5, 5, 5, 5, 5, 5),
(22222, 'ANEKAL EXP', '2020-01-06', 5, 5, 5, 5, 5, 5),
(22222, 'ANEKAL EXP', '2020-01-07', 5, 5, 5, 5, 5, 5),
(22222, 'ANEKAL EXP', '2020-01-08', 5, 5, 5, 5, 5, 5),
(22222, 'ANEKAL EXP', '2020-01-09', 5, 5, 5, 5, 5, 5),
(22222, 'ANEKAL EXP', '2020-01-10', 5, 5, 5, 5, 5, 5),
(22222, 'ANEKAL EXP', '2020-01-11', 5, 5, 5, 5, 5, 5),
(22222, 'ANEKAL EXP', '2020-01-12', 5, 5, 5, 5, 5, 5),
(22222, 'ANEKAL EXP', '2020-01-13', 5, 5, 5, 5, 5, 5),
(22222, 'ANEKAL EXP', '2020-01-14', 5, 5, 5, 5, 5, 5),
(22222, 'ANEKAL EXP', '2020-01-15', 5, 5, 5, 5, 5, 5),
(22222, 'ANEKAL EXP', '2020-01-16', 5, 5, 5, 5, 5, 5),
(22222, 'ANEKAL EXP', '2020-01-17', 5, 5, 5, 5, 5, 5),
(22222, 'ANEKAL EXP', '2020-01-18', 5, 5, 5, 5, 5, 5),
(22222, 'ANEKAL EXP', '2020-01-19', 5, 5, 5, 5, 5, 5),
(22222, 'ANEKAL EXP', '2020-01-20', 5, 5, 5, 5, 5, 5),
(22222, 'ANEKAL EXP', '2020-01-21', 5, 5, 5, 5, 5, 5),
(22222, 'ANEKAL EXP', '2020-01-22', 5, 5, 5, 5, 5, 5),
(22222, 'ANEKAL EXP', '2020-01-23', 5, 5, 5, 5, 5, 5),
(22222, 'ANEKAL EXP', '2020-01-24', 5, 5, 5, 5, 5, 5),
(22222, 'ANEKAL EXP', '2020-01-25', 5, 5, 5, 5, 5, 5),
(22222, 'ANEKAL EXP', '2020-01-26', 5, 5, 5, 5, 5, 5),
(22222, 'ANEKAL EXP', '2020-01-27', 5, 5, 5, 5, 5, 5),
(22222, 'ANEKAL EXP', '2020-01-28', 5, 5, 5, 5, 5, 5),
(22222, 'ANEKAL EXP', '2020-01-29', 5, 5, 5, 5, 5, 5),
(22222, 'ANEKAL EXP', '2020-01-30', 5, 5, 5, 5, 5, 5),
(22222, 'ANEKAL EXP', '2020-02-01', 5, 5, 5, 5, 5, 5),
(22222, 'ANEKAL EXP', '2020-02-02', 5, 5, 5, 5, 5, 5),
(22222, 'ANEKAL EXP', '2020-02-03', 5, 5, 5, 5, 5, 5),
(22222, 'ANEKAL EXP', '2020-02-04', 5, 5, 5, 5, 5, 5),
(22222, 'ANEKAL EXP', '2020-02-05', 5, 5, 5, 5, 5, 5),
(22222, 'ANEKAL EXP', '2020-02-06', 5, 5, 5, 5, 5, 5),
(22222, 'ANEKAL EXP', '2020-02-07', 5, 5, 5, 5, 5, 5),
(22222, 'ANEKAL EXP', '2020-02-08', 5, 5, 5, 5, 5, 5),
(25222, 'KOLAR EXP', '2019-11-10', 5, 5, 5, 5, 5, 5),
(25222, 'KOLAR EXP', '2019-11-11', 5, 5, 5, 5, 5, 5),
(25222, 'KOLAR EXP', '2019-11-12', 5, 5, 5, 5, 5, 5),
(25222, 'KOLAR EXP', '2019-11-13', 5, 5, 5, 5, 5, 5),
(25222, 'KOLAR EXP', '2019-11-14', 5, 5, 5, 5, 5, 5),
(25222, 'KOLAR EXP', '2019-11-15', 5, 5, 5, 5, 5, 5),
(25222, 'KOLAR EXP', '2019-11-16', 5, 5, 5, 5, 5, 5),
(25222, 'KOLAR EXP', '2019-11-17', 5, 5, 5, 5, 5, 5),
(25222, 'KOLAR EXP', '2019-11-18', 5, 5, 5, 5, 5, 5),
(25222, 'KOLAR EXP', '2019-11-19', 5, 5, 5, 5, 5, 5),
(25222, 'KOLAR EXP', '2019-11-20', 5, 5, 5, 5, 5, 5),
(25222, 'KOLAR EXP', '2019-11-21', 5, 5, 5, 5, 5, 5),
(25222, 'KOLAR EXP', '2019-11-22', 5, 5, 5, 5, 5, 5),
(25222, 'KOLAR EXP', '2019-11-23', 5, 5, 5, 5, 5, 5),
(25222, 'KOLAR EXP', '2019-11-24', 5, 5, 5, 5, 5, 5),
(25222, 'KOLAR EXP', '2019-11-25', 5, 5, 5, 5, 5, 5),
(25222, 'KOLAR EXP', '2019-11-26', 5, 5, 5, 5, 5, 5),
(25222, 'KOLAR EXP', '2019-11-27', 5, 5, 5, 5, 5, 5),
(25222, 'KOLAR EXP', '2019-11-28', 5, 5, 5, 5, 5, 5),
(25222, 'KOLAR EXP', '2019-11-29', 5, 5, 5, 5, 5, 5),
(25222, 'KOLAR EXP', '2019-11-30', 5, 5, 5, 5, 5, 5),
(25222, 'KOLAR EXP', '2019-12-01', 5, 5, 5, 5, 5, 5),
(25222, 'KOLAR EXP', '2019-12-02', 5, 5, 5, 5, 5, 5),
(25222, 'KOLAR EXP', '2019-12-03', 5, 5, 5, 5, 5, 5),
(25222, 'KOLAR EXP', '2019-12-04', 5, 5, 5, 5, 5, 5),
(25222, 'KOLAR EXP', '2019-12-05', 5, 5, 5, 5, 5, 5),
(25222, 'KOLAR EXP', '2019-12-06', 5, 5, 5, 5, 5, 5),
(25222, 'KOLAR EXP', '2019-12-07', 5, 5, 5, 5, 5, 5),
(25222, 'KOLAR EXP', '2019-12-08', 5, 5, 5, 5, 5, 5),
(25222, 'KOLAR EXP', '2019-12-09', 5, 5, 5, 5, 5, 5),
(25222, 'KOLAR EXP', '2019-12-10', 5, 5, 5, 5, 5, 5),
(25222, 'KOLAR EXP', '2019-12-11', 5, 5, 5, 5, 5, 5),
(25222, 'KOLAR EXP', '2019-12-12', 5, 5, 5, 5, 5, 5),
(25222, 'KOLAR EXP', '2019-12-13', 5, 5, 5, 5, 5, 5),
(25222, 'KOLAR EXP', '2019-12-14', 5, 5, 5, 5, 5, 5),
(25222, 'KOLAR EXP', '2019-12-15', 5, 5, 5, 5, 5, 5),
(25222, 'KOLAR EXP', '2019-12-16', 5, 5, 5, 5, 5, 5),
(25222, 'KOLAR EXP', '2019-12-17', 5, 5, 5, 5, 5, 5),
(25222, 'KOLAR EXP', '2019-12-18', 5, 5, 5, 5, 5, 5),
(25222, 'KOLAR EXP', '2019-12-19', 5, 5, 5, 5, 5, 5),
(25222, 'KOLAR EXP', '2019-12-20', 5, 5, 5, 5, 5, 5),
(25222, 'KOLAR EXP', '2019-12-21', 5, 5, 5, 5, 5, 5),
(25222, 'KOLAR EXP', '2019-12-22', 5, 5, 5, 5, 5, 5),
(25222, 'KOLAR EXP', '2019-12-23', 5, 5, 5, 5, 5, 5),
(25222, 'KOLAR EXP', '2019-12-24', 5, 5, 5, 5, 5, 5),
(25222, 'KOLAR EXP', '2019-12-25', 5, 5, 5, 5, 5, 5),
(25222, 'KOLAR EXP', '2019-12-26', 5, 5, 5, 5, 5, 5),
(25222, 'KOLAR EXP', '2019-12-27', 5, 5, 5, 5, 5, 5),
(25222, 'KOLAR EXP', '2019-12-28', 5, 5, 5, 5, 5, 5),
(25222, 'KOLAR EXP', '2019-12-29', 5, 5, 5, 5, 5, 5),
(25222, 'KOLAR EXP', '2019-12-30', 5, 5, 5, 5, 5, 5),
(25222, 'KOLAR EXP', '2019-12-31', 5, 5, 5, 5, 5, 5),
(25222, 'KOLAR EXP', '2020-01-01', 5, 5, 5, 5, 5, 5),
(25222, 'KOLAR EXP', '2020-01-02', 5, 5, 5, 5, 5, 5),
(25222, 'KOLAR EXP', '2020-01-03', 5, 5, 5, 5, 5, 5),
(25222, 'KOLAR EXP', '2020-01-04', 5, 5, 5, 5, 5, 5),
(25222, 'KOLAR EXP', '2020-01-05', 5, 5, 5, 5, 5, 5),
(25222, 'KOLAR EXP', '2020-01-06', 5, 5, 5, 5, 5, 5),
(25222, 'KOLAR EXP', '2020-01-07', 5, 5, 5, 5, 5, 5),
(25222, 'KOLAR EXP', '2020-01-08', 5, 5, 5, 5, 5, 5),
(25222, 'KOLAR EXP', '2020-01-09', 5, 5, 5, 5, 5, 5),
(25222, 'KOLAR EXP', '2020-01-10', 5, 5, 5, 5, 5, 5),
(25222, 'KOLAR EXP', '2020-01-11', 5, 5, 5, 5, 5, 5),
(25222, 'KOLAR EXP', '2020-01-12', 5, 5, 5, 5, 5, 5),
(25222, 'KOLAR EXP', '2020-01-13', 5, 5, 5, 5, 5, 5),
(25222, 'KOLAR EXP', '2020-01-14', 5, 5, 5, 5, 5, 5),
(25222, 'KOLAR EXP', '2020-01-15', 5, 5, 5, 5, 5, 5),
(25222, 'KOLAR EXP', '2020-01-16', 5, 5, 5, 5, 5, 5),
(25222, 'KOLAR EXP', '2020-01-17', 5, 5, 5, 5, 5, 5),
(25222, 'KOLAR EXP', '2020-01-18', 5, 5, 5, 5, 5, 5),
(25222, 'KOLAR EXP', '2020-01-19', 5, 5, 5, 5, 5, 5),
(25222, 'KOLAR EXP', '2020-01-20', 5, 5, 5, 5, 5, 5),
(25222, 'KOLAR EXP', '2020-01-21', 5, 5, 5, 5, 5, 5),
(25222, 'KOLAR EXP', '2020-01-22', 5, 5, 5, 5, 5, 5),
(25222, 'KOLAR EXP', '2020-01-23', 5, 5, 5, 5, 5, 5),
(25222, 'KOLAR EXP', '2020-01-24', 5, 5, 5, 5, 5, 5),
(25222, 'KOLAR EXP', '2020-01-25', 5, 5, 5, 5, 5, 5),
(25222, 'KOLAR EXP', '2020-01-26', 5, 5, 5, 5, 5, 5),
(25222, 'KOLAR EXP', '2020-01-27', 5, 5, 5, 5, 5, 5),
(25222, 'KOLAR EXP', '2020-01-28', 5, 5, 5, 5, 5, 5),
(25222, 'KOLAR EXP', '2020-01-29', 5, 5, 5, 5, 5, 5),
(25222, 'KOLAR EXP', '2020-01-30', 5, 5, 5, 5, 5, 5),
(25222, 'KOLAR EXP', '2020-02-01', 5, 5, 5, 5, 5, 5),
(25222, 'KOLAR EXP', '2020-02-02', 5, 5, 5, 5, 5, 5),
(25222, 'KOLAR EXP', '2020-02-03', 5, 5, 5, 5, 5, 5),
(25222, 'KOLAR EXP', '2020-02-04', 5, 5, 5, 5, 5, 5),
(25222, 'KOLAR EXP', '2020-02-05', 5, 5, 5, 5, 5, 5),
(25222, 'KOLAR EXP', '2020-02-06', 5, 5, 5, 5, 5, 5),
(25222, 'KOLAR EXP', '2020-02-07', 5, 5, 5, 5, 5, 5),
(25222, 'KOLAR EXP', '2020-02-08', 5, 5, 5, 5, 5, 5),
(29333, 'TUMKUR EXP', '2019-11-10', 5, 5, 5, 5, 5, 5),
(29333, 'TUMKUR EXP', '2019-11-11', 5, 5, 5, 5, 5, 5),
(29333, 'TUMKUR EXP', '2019-11-12', 5, 5, 5, 5, 5, 5),
(29333, 'TUMKUR EXP', '2019-11-13', 5, 5, 5, 5, 5, 5),
(29333, 'TUMKUR EXP', '2019-11-14', 5, 5, 5, 5, 5, 5),
(29333, 'TUMKUR EXP', '2019-11-15', 5, 5, 5, 5, 5, 5),
(29333, 'TUMKUR EXP', '2019-11-16', 5, 5, 5, 5, 5, 5),
(29333, 'TUMKUR EXP', '2019-11-17', 5, 5, 5, 5, 5, 5),
(29333, 'TUMKUR EXP', '2019-11-18', 5, 5, 5, 5, 5, 5),
(29333, 'TUMKUR EXP', '2019-11-19', 5, 5, 5, 5, 5, 5),
(29333, 'TUMKUR EXP', '2019-11-20', 5, 5, 5, 5, 5, 5),
(29333, 'TUMKUR EXP', '2019-11-21', 5, 5, 5, 5, 5, 5),
(29333, 'TUMKUR EXP', '2019-11-22', 5, 5, 5, 5, 5, 5),
(29333, 'TUMKUR EXP', '2019-11-23', 5, 5, 5, 5, 5, 5),
(29333, 'TUMKUR EXP', '2019-11-24', 5, 5, 5, 5, 5, 5),
(29333, 'TUMKUR EXP', '2019-11-25', 5, 5, 5, 5, 5, 5),
(29333, 'TUMKUR EXP', '2019-11-26', 5, 5, 5, 5, 5, 5),
(29333, 'TUMKUR EXP', '2019-11-27', 5, 5, 5, 5, 5, 5),
(29333, 'TUMKUR EXP', '2019-11-28', 5, 5, 5, 5, 5, 5),
(29333, 'TUMKUR EXP', '2019-11-29', 5, 5, 5, 5, 5, 5),
(29333, 'TUMKUR EXP', '2019-11-30', 5, 5, 5, 5, 5, 5),
(29333, 'TUMKUR EXP', '2019-12-01', 5, 5, 5, 5, 5, 5),
(29333, 'TUMKUR EXP', '2019-12-02', 5, 5, 5, 5, 5, 5),
(29333, 'TUMKUR EXP', '2019-12-03', 5, 5, 5, 5, 5, 5),
(29333, 'TUMKUR EXP', '2019-12-04', 5, 5, 5, 5, 5, 5),
(29333, 'TUMKUR EXP', '2019-12-05', 5, 5, 5, 5, 5, 5),
(29333, 'TUMKUR EXP', '2019-12-06', 5, 5, 5, 5, 5, 5),
(29333, 'TUMKUR EXP', '2019-12-07', 5, 5, 5, 5, 5, 5),
(29333, 'TUMKUR EXP', '2019-12-08', 5, 5, 5, 5, 5, 5),
(29333, 'TUMKUR EXP', '2019-12-09', 5, 5, 5, 5, 5, 5),
(29333, 'TUMKUR EXP', '2019-12-10', 5, 5, 5, 5, 5, 5),
(29333, 'TUMKUR EXP', '2019-12-11', 5, 5, 5, 5, 5, 5),
(29333, 'TUMKUR EXP', '2019-12-12', 5, 5, 5, 5, 5, 5),
(29333, 'TUMKUR EXP', '2019-12-13', 5, 5, 5, 5, 5, 5),
(29333, 'TUMKUR EXP', '2019-12-14', 5, 5, 5, 5, 5, 5),
(29333, 'TUMKUR EXP', '2019-12-15', 5, 5, 5, 5, 5, 5),
(29333, 'TUMKUR EXP', '2019-12-16', 5, 5, 5, 5, 5, 5),
(29333, 'TUMKUR EXP', '2019-12-17', 5, 5, 5, 5, 5, 5),
(29333, 'TUMKUR EXP', '2019-12-18', 5, 5, 5, 5, 5, 5),
(29333, 'TUMKUR EXP', '2019-12-19', 5, 5, 5, 5, 5, 5),
(29333, 'TUMKUR EXP', '2019-12-20', 5, 5, 5, 5, 5, 5),
(29333, 'TUMKUR EXP', '2019-12-21', 5, 5, 5, 5, 5, 5),
(29333, 'TUMKUR EXP', '2019-12-22', 5, 5, 5, 5, 5, 5),
(29333, 'TUMKUR EXP', '2019-12-23', 5, 5, 5, 5, 5, 5),
(29333, 'TUMKUR EXP', '2019-12-24', 5, 5, 5, 5, 5, 5),
(29333, 'TUMKUR EXP', '2019-12-25', 5, 5, 5, 5, 5, 5),
(29333, 'TUMKUR EXP', '2019-12-26', 5, 5, 5, 5, 5, 5),
(29333, 'TUMKUR EXP', '2019-12-27', 5, 5, 5, 5, 5, 5),
(29333, 'TUMKUR EXP', '2019-12-28', 5, 5, 5, 5, 5, 5),
(29333, 'TUMKUR EXP', '2019-12-29', 5, 5, 5, 5, 5, 5),
(29333, 'TUMKUR EXP', '2019-12-30', 5, 5, 5, 5, 5, 5),
(29333, 'TUMKUR EXP', '2019-12-31', 5, 5, 5, 5, 5, 5),
(29333, 'TUMKUR EXP', '2020-01-01', 5, 5, 5, 5, 5, 5),
(29333, 'TUMKUR EXP', '2020-01-02', 5, 5, 5, 5, 5, 5),
(29333, 'TUMKUR EXP', '2020-01-03', 5, 5, 5, 5, 5, 5),
(29333, 'TUMKUR EXP', '2020-01-04', 5, 5, 5, 5, 5, 5),
(29333, 'TUMKUR EXP', '2020-01-05', 5, 5, 5, 5, 5, 5),
(29333, 'TUMKUR EXP', '2020-01-06', 5, 5, 5, 5, 5, 5),
(29333, 'TUMKUR EXP', '2020-01-07', 5, 5, 5, 5, 5, 5),
(29333, 'TUMKUR EXP', '2020-01-08', 5, 5, 5, 5, 5, 5),
(29333, 'TUMKUR EXP', '2020-01-09', 5, 5, 5, 5, 5, 5),
(29333, 'TUMKUR EXP', '2020-01-10', 5, 5, 5, 5, 5, 5),
(29333, 'TUMKUR EXP', '2020-01-11', 5, 5, 5, 5, 5, 5),
(29333, 'TUMKUR EXP', '2020-01-12', 5, 5, 5, 5, 5, 5),
(29333, 'TUMKUR EXP', '2020-01-13', 5, 5, 5, 5, 5, 5),
(29333, 'TUMKUR EXP', '2020-01-14', 5, 5, 5, 5, 5, 5),
(29333, 'TUMKUR EXP', '2020-01-15', 5, 5, 5, 5, 5, 5),
(29333, 'TUMKUR EXP', '2020-01-16', 5, 5, 5, 5, 5, 5),
(29333, 'TUMKUR EXP', '2020-01-17', 5, 5, 5, 5, 5, 5),
(29333, 'TUMKUR EXP', '2020-01-18', 5, 5, 5, 5, 5, 5),
(29333, 'TUMKUR EXP', '2020-01-19', 5, 5, 5, 5, 5, 5),
(29333, 'TUMKUR EXP', '2020-01-20', 5, 5, 5, 5, 5, 5),
(29333, 'TUMKUR EXP', '2020-01-21', 5, 5, 5, 5, 5, 5),
(29333, 'TUMKUR EXP', '2020-01-22', 5, 5, 5, 5, 5, 5),
(29333, 'TUMKUR EXP', '2020-01-23', 5, 5, 5, 5, 5, 5),
(29333, 'TUMKUR EXP', '2020-01-24', 5, 5, 5, 5, 5, 5),
(29333, 'TUMKUR EXP', '2020-01-25', 5, 5, 5, 5, 5, 5),
(29333, 'TUMKUR EXP', '2020-01-26', 5, 5, 5, 5, 5, 5),
(29333, 'TUMKUR EXP', '2020-01-27', 5, 5, 5, 5, 5, 5),
(29333, 'TUMKUR EXP', '2020-01-28', 5, 5, 5, 5, 5, 5),
(29333, 'TUMKUR EXP', '2020-01-29', 5, 5, 5, 5, 5, 5),
(29333, 'TUMKUR EXP', '2020-01-30', 5, 5, 5, 5, 5, 5);


-- --------------------------------------------------------

--
-- Table structure for table `train_list`
--

CREATE TABLE `train_list` (
  `Number` int(6) NOT NULL,
  `Name` varchar(20) NOT NULL,
  `Origin` varchar(20) NOT NULL,
  `Destination` varchar(20) NOT NULL,
  `Arrival` varchar(10) NOT NULL,
  `Departure` varchar(10) NOT NULL,
  `Mon` varchar(2) NOT NULL,
  `Tue` varchar(2) NOT NULL,
  `Wed` varchar(2) NOT NULL,
  `Thu` varchar(2) NOT NULL,
  `Fri` varchar(2) NOT NULL,
  `Sat` varchar(2) NOT NULL,
  `Sun` varchar(2) NOT NULL,
  `1A` int(11) NOT NULL,
  `2A` int(11) NOT NULL,
  `3A` int(11) NOT NULL,
  `SL` int(11) NOT NULL,
  `General` int(11) NOT NULL,
  `Ladies` int(11) NOT NULL,
  `Tatkal` int(11) NOT NULL
) ENGINE=InnoDB DEFAULT CHARSET=latin1;

--
-- Dumping data for table `train_list`
--

INSERT INTO `train_list` (`Number`, `Name`, `Origin`, `Destination`, `Arrival`, `Departure`, `Mon`, `Tue`, `Wed`, `Thu`, `Fri`, `Sat`, `Sun`, `1A`, `2A`, `3A`, `SL`, `General`, `Ladies`, `Tatkal`) VALUES
(12009, 'DEVANAHALLI EXP', 'MAJESTIC', 'DEVANAHALLI', '22:15', '06:25', 'Y', 'Y', 'Y', 'Y', 'Y', 'Y', 'N', 250, 100, 50, 25, 2, 1, 3),
(12931, 'RAMANAGAR EXP', 'MAJESTIC', 'RAMANAGAR', 'First st', '14:20', 'Y', 'Y', 'Y', 'Y', 'Y', 'Y', 'N', 250, 100, 50, 25, 2, 1, 3),
(12932, 'ANEKAL EXP', 'MAJESTIC', 'ANEKAL', '13:00', 'Last st', 'Y', 'Y', 'Y', 'Y', 'Y', 'Y', 'N', 250, 100, 50, 25, 2, 1, 3),
(12952, 'KOLAR EXP', 'MAJESTIC', 'KOLAR', '08:25', 'last st', 'Y', 'Y', 'Y', 'Y', 'Y', 'Y', 'Y', 250, 100, 50, 25, 2, 1, 3),
(19011, 'TUMKUR EXP', 'MAJESTIC', 'TUMKUR', '16:25', '10:35', 'Y', 'Y', 'Y', 'Y', 'Y', 'Y', 'Y', 250, 100, 50, 25, 2, 1, 3),
(22210, 'DEVANAHALLI EXP', 'DEVANAHALLI', 'MAJESTIC', '16:15', 'Last st', 'N', 'N', 'Y', 'N', 'N', 'N', 'Y', 250, 100, 50, 25, 2, 1, 3),
(22220, 'RAMANAGAR EXP', 'RAMANAGAR', 'MAJESTIC', '16:15', 'Last st', 'N', 'N', 'Y', 'N', 'N', 'N', 'Y', 250, 100, 50, 25, 2, 1, 3),
(22222, 'ANEKAL EXP', 'ANEKAL', 'MAJESTIC', '16:15', 'Last st', 'N', 'N', 'Y', 'N', 'N', 'N', 'Y', 250, 100, 50, 25, 2, 1, 3),
(25222, 'KOLAR EXP', 'KOLAR', 'MAJESTIC', '16:15', 'Last st', 'N', 'N', 'Y', 'N', 'N', 'N', 'Y', 250, 100, 50, 25, 2, 1, 3),
(29333, 'TUMKUR EXP', 'TUMKUR', 'MAJESTIC', '08:05', '21:10', 'Y', 'Y', 'Y', 'N', 'Y', 'N', 'Y', 250, 100, 50, 25, 2, 1, 3);

-- --------------------------------------------------------

--
-- Table structure for table `users`
--

CREATE TABLE `users` (
  `f_name` varchar(50) NOT NULL,
  `l_name` varchar(50) NOT NULL,
  `email` varchar(50) NOT NULL,
  `password` varchar(20) NOT NULL,
  `gender` varchar(10) NOT NULL,
  `marital` varchar(10) NOT NULL,
  `dob` varchar(20) NOT NULL,
  `mobile` bigint(10) NOT NULL,
  `ques` varchar(100) NOT NULL,
  `ans` varchar(100) NOT NULL
) ENGINE=InnoDB DEFAULT CHARSET=latin1;

--
-- Dumping data for table `users`
--

INSERT INTO `users` (`f_name`, `l_name`, `email`, `password`, `gender`, `marital`, `dob`, `mobile`, `ques`, `ans`) VALUES
('charitha', 'g', 'gmcharitha@gmail.com', '123456789', 'female', 'unmarried', '1999-12-12', 9453890182, 'What was the name of your first school?', '123');

--
-- Indexes for dumped tables
--

--
-- Indexes for table `train_list`
--
ALTER TABLE `train_list`
  ADD PRIMARY KEY (`Number`);

/*!40101 SET CHARACTER_SET_CLIENT=@OLD_CHARACTER_SET_CLIENT */;
/*!40101 SET CHARACTER_SET_RESULTS=@OLD_CHARACTER_SET_RESULTS */;
/*!40101 SET COLLATION_CONNECTION=@OLD_COLLATION_CONNECTION */;
